s,x,y,curvature
0.000000000000000000e+00,3.839285671710969128e-01,9.985652565956121274e-01,-3.329057721928111846e+02
7.147962830593281112e-04,3.813505271385526640e-01,9.992811130849218459e-01,5.967080195028098899e+01
1.429592566118656222e-03,3.787743772295324995e-01,1.000023240892616627e+00,-2.751920791144559786e+01
2.144388849177984550e-03,3.759052312868049195e-01,1.000103369280293197e+00,2.269506615539162055e+02
2.859185132237312445e-03,3.735392128935615674e-01,9.987638765497832694e-01,-4.317241691954872067e+02
3.573981415296640339e-03,3.707367214822095969e-01,9.986807949893871106e-01,2.131075878680599089e+02
4.288777698355969101e-03,3.683552458270919483e-01,9.974004384767561904e-01,-4.514946308630214844e+02
5.003573981415296995e-03,3.656917934435857109e-01,9.969209153549938307e-01,5.528898110949029387e+02
5.718370264474624889e-03,3.632859368158211644e-01,9.957095542549266876e-01,8.937596761130981804e+01
6.433166547533952784e-03,3.609293779708877548e-01,9.943580868277172025e-01,-7.979375984095090644e+02
7.147962830593280678e-03,3.582742878478494264e-01,9.938548590605014166e-01,2.862713570769997773e+02
7.862759113652608572e-03,3.558348332301564665e-01,9.927389764010763340e-01,-1.418837372733233337e+02
8.577555396711938202e-03,3.530955701417407000e-01,9.924749052026048401e-01,2.651421641228825479e+02
9.292351679771266096e-03,3.506319223837955357e-01,9.914277656303029929e-01,2.320211808844120753e+02
1.000714796283059399e-02,3.483044368034484140e-01,9.899937114776908853e-01,-9.105178693931495673e+02
1.072194424588992188e-02,3.456173401414234791e-01,9.895814179775090924e-01,3.806388033493630019e+02
1.143674052894924978e-02,3.435559625890092228e-01,9.873913334217003790e-01,-4.185373638474462723e+02
1.215153681200857767e-02,3.408548910367377727e-01,9.870187512274218866e-01,6.674602544779355640e+02
1.286633309506790557e-02,3.386804569982268531e-01,9.851498347772141839e-01,-7.062661249811448272e+01
1.358112937812723346e-02,3.365233040587877200e-01,9.832318464352446385e-01,-2.793122753807641629e+02
1.429592566118656136e-02,3.338549855191334514e-01,9.827661807229719493e-01,7.365991195492746328e+02
1.501072194424589099e-02,3.316757823760158042e-01,9.809108516577813575e-01,-1.141613512021144032e+02
1.572551822730521714e-02,3.294319077930784601e-01,9.792392556223291633e-01,8.372990664733121946e+01
1.644031451036454677e-02,3.272973605610996484e-01,9.772570244595549793e-01,-4.891339090952978950e+02
1.715511079342387640e-02,3.245938781450314337e-01,9.768912830709569617e-01,5.572392042369949650e+02
1.786990707648320256e-02,3.224481137380504903e-01,9.749409050113865272e-01,-7.530052920474955158e+01
1.858470335954253219e-02,3.202270445126959020e-01,9.732045392468249290e-01,-2.051962913242186204e+01
1.929949964260185835e-02,3.180107997968223965e-01,9.714543982147447743e-01,1.433668627774502511e+02
2.001429592566118798e-02,3.157476116107389985e-01,9.698376752444607396e-01,-4.156276829020534933e+02
2.072909220872051414e-02,3.131618099512538667e-01,9.691375468806980864e-01,1.320169937110356955e+02
2.144388849177984377e-02,3.110053212186343341e-01,9.672176437036316132e-01,1.182494577552332693e+01
2.215868477483916993e-02,3.087930758317002922e-01,9.654562047709370765e-01,-1.130496067501554336e+01
2.287348105789849956e-02,3.065844391279901049e-01,9.636844410696955299e-01,2.045501214028297987e+00
2.358827734095782919e-02,3.043769384048412574e-01,9.619094900348915678e-01,-2.764258349919161417e-01
2.430307362401715535e-02,3.021689826327484951e-01,9.601358222907230289e-01,1.036476827010334584e-02
2.501786990707648498e-02,2.999611425392726960e-01,9.583618685063330922e-01,-7.543760401199893668e-03
2.573266619013581114e-02,2.977532461322152102e-01,9.565879968468498085e-01,1.197556819168343022e-02
2.644746247319514076e-02,2.955453960021527382e-01,9.548140700761525990e-01,-8.837674943286660811e-03
2.716225875625446692e-02,2.933375125915807513e-01,9.530401839188168411e-01,1.038676794412810717e-02
2.787705503931379655e-02,2.911296417542947879e-01,9.512662812566174964e-01,-1.505134010082235900e-02
2.859185132237312271e-02,2.889217585335338567e-01,9.494923957469980635e-01,9.631964433107742182e-03
2.930664760543245234e-02,2.867139058128528872e-01,9.477184711242500059e-01,-6.505986927008446628e-03
3.002144388849178197e-02,2.845060254238083730e-01,9.459445814448187440e-01,7.700990529496267584e-03
3.073624017155110813e-02,2.822981529943941470e-01,9.441706809198867623e-01,-1.352523844659379512e-02
3.145103645461043429e-02,2.800902713076225403e-01,9.423967948362182989e-01,1.044383604025027334e-02
3.216583273766976392e-02,2.778824164221572190e-01,9.406228838571207840e-01,-4.172285229868039937e-03
3.288062902072909355e-02,2.756745398318472540e-01,9.388489884022318543e-01,1.252547754438961729e-03
3.359542530378842318e-02,2.734666674416589283e-01,9.370750877344433682e-01,9.524104317364992175e-03
3.431022158684775281e-02,2.712588232364830931e-01,9.353011676350240222e-01,-2.151352737426612954e-02
3.502501786990707550e-02,2.690509311052066144e-01,9.335272995857112344e-01,1.385905199556896304e-02
3.573981415296640513e-02,2.668430847945468809e-01,9.317533863940848926e-01,-3.625120626307723470e-02
3.645461043602573475e-02,2.646351283480443128e-01,9.299795235759921175e-01,2.246343033023388558e-01
3.716940671908506438e-02,2.624272263380403869e-01,9.282056630767259175e-01,-9.383933692759751644e-01
3.788420300214438707e-02,2.602218420763081630e-01,9.264305601928185530e-01,-1.406549313016350000e+00
3.859899928520371670e-02,2.579964424516414390e-01,9.246650637783321303e-01,2.358446009877360794e+01
3.931379556826304633e-02,2.558575473300320202e-01,9.228581011486023389e-01,-1.489373044379890416e+02
4.002859185132237596e-02,2.535783331694226872e-01,9.211183895870234117e-01,1.099067169707939911e+03
4.074338813438170559e-02,2.526845611904389166e-01,9.187145944239433204e-01,-1.632431971191455204e+02
4.145818441744102828e-02,2.502786317786286907e-01,9.170356193189673766e-01,-1.022572189300632672e+01
4.217298070050035791e-02,2.480871874791961973e-01,9.152538621552219755e-01,3.831228068323024871e+00
4.288777698355968754e-02,2.459207635901595468e-01,9.134600930227730897e-01,-3.296305120545968492e+01
4.360257326661901717e-02,2.434571910737375611e-01,9.118087642465495524e-01,3.273694699616123103e+02
4.431736954967833986e-02,2.427317678043314220e-01,9.093242685133341441e-01,-9.403119120644266786e+02
4.503216583273766949e-02,2.403641723664111940e-01,9.076269112994496124e-01,7.008562449292527674e+01
4.574696211579699912e-02,2.379567541315144308e-01,9.059486699732767212e-01,4.406883389245210196e+02
4.646175839885632874e-02,2.372698396770592244e-01,9.034457260112266352e-01,-7.448060125907041993e+02
4.717655468191565837e-02,2.348685057419816757e-01,9.017645556486995062e-01,1.871854761338990158e+01
4.789135096497498106e-02,2.324599579114616510e-01,9.000868520785419991e-01,6.065333494550802698e+02
4.860614724803431069e-02,2.317944378631231483e-01,8.975736462731838117e-01,-5.704587673244304824e+02
4.932094353109364032e-02,2.293153645653158157e-01,8.959297195904376565e-01,7.316007428187067774e+01
5.003573981415296995e-02,2.271662543240773324e-01,8.941276643985569539e-01,-6.918639124129265516e-01
5.075053609721229264e-02,2.249519062978100614e-01,8.923568650914290856e-01,-4.446009573753696431e-01
5.146533238027162227e-02,2.227349027206483034e-01,8.905873580390227806e-01,4.843285132764254541e+00
5.218012866333095190e-02,2.205918439323806268e-01,8.887823661799678643e-01,-8.889873020529415726e+01
5.289492494639028153e-02,2.181214290788672516e-01,8.871343272804184110e-01,6.884103451998495302e+02
5.360972122944961116e-02,2.174498438450237214e-01,8.846240329301477967e-01,-4.924726045872369014e+02
5.432451751250893385e-02,2.150413331315934873e-01,8.829463085069478856e-01,-5.312275593758452175e+01
5.503931379556826348e-02,2.126583409182679352e-01,8.812563440149016047e-01,8.780555302302678911e+02
5.575411007862759311e-02,2.119421770522505466e-01,8.787674123240072355e-01,-3.488432613833180653e+02
5.646890636168692273e-02,2.095442226856296664e-01,8.770846348482819188e-01,-1.028667159644638076e+02
5.718370264474624542e-02,2.072126472210217007e-01,8.753700218385224163e-01,1.049132051676952415e+03
5.789849892780557505e-02,2.064377917189182399e-01,8.729092358770145221e-01,-2.613589785273373991e+02
5.861329521086490468e-02,2.039758622729567206e-01,8.712571197507800180e-01,5.919870169424069672e+01
5.932809149392423431e-02,2.018179274396761369e-01,8.694592655974047180e-01,-1.649035319524947454e+02
6.004288777698356394e-02,1.999802696815810854e-01,8.675079274892436576e-01,2.241082012696437005e+02
6.075768406004288663e-02,1.985899746206113425e-01,8.653421192943272500e-01,2.390557337781821445e+01
6.147248034310221626e-02,1.963200061393446383e-01,8.635980087050678655e-01,-1.594713096923730511e+01
6.218727662616154589e-02,1.939584873233683726e-01,8.618977458133411096e-01,8.136495425262442893e+01
6.290207290922086858e-02,1.928840870938482999e-01,8.595805475920772487e-01,-7.063321905190169900e+02
6.361686919228019821e-02,1.907787348088571533e-01,8.577575234279082306e-01,1.977066309262822870e+02
6.433166547533952784e-02,1.884410905089785870e-01,8.560458205753928018e-01,1.211910898221564139e+02
6.504646175839885747e-02,1.875010449880666341e-01,8.536642103873542942e-01,-9.646640717242095207e+02
6.576125804145818710e-02,1.851432610736784556e-01,8.519621683889141428e-01,1.221944978522016925e+02
6.647605432451751672e-02,1.839626122589765600e-01,8.496958805916255963e-01,-4.478193271941872808e+02
6.719085060757684635e-02,1.819841375986914755e-01,8.478120242655248218e-01,2.231461322771489506e+02
6.790564689063617598e-02,1.796641715069297873e-01,8.460918562501623663e-01,5.857784088412836354e+01
6.862044317369550561e-02,1.785955962328768520e-01,8.437718539534339035e-01,-7.593874571994577991e+02
6.933523945675482136e-02,1.764701749040192835e-01,8.419584261173183037e-01,1.934029974213190997e+02
7.005003573981415099e-02,1.741287991226485588e-01,8.402485212295162098e-01,1.330469697152983031e+02
7.076483202287348062e-02,1.732102994868937318e-01,8.378565820887081683e-01,-9.862383753156217381e+02
7.147962830593281025e-02,1.708310245984989706e-01,8.361648479592630467e-01,1.304052042095715933e+02
7.219442458899213988e-02,1.696684522455324806e-01,8.338899196288126481e-01,-4.134190407372462914e+02
7.290922087205146951e-02,1.676297595483654534e-01,8.320349271690332671e-01,4.431342620322848092e+01
7.362401715511079914e-02,1.660745839554351178e-01,8.299481686214570386e-01,-3.320295832504024247e+01
7.433881343817012877e-02,1.644365069012404257e-01,8.279011481974453135e-01,-3.188065010700608681e+01
7.505360972122945840e-02,1.624822690119910040e-01,8.260056663948156519e-01,3.047385783900843990e+02
7.576840600428877415e-02,1.611765941169219230e-01,8.237993142209288910e-01,3.093459037107563958e+01
7.648320228734810378e-02,1.588835077938046680e-01,8.220662618278374856e-01,-2.204714739717663861e+02
7.719799857040743341e-02,1.571299281218198063e-01,8.200746057273687883e-01,1.343929528790824577e+02
7.791279485346676303e-02,1.556375965536187789e-01,8.179577173842340621e-01,1.053505570328172780e+02
7.862759113652609266e-02,1.533498473027596343e-01,8.162221061814324274e-01,-1.315151968969408074e+02
7.934238741958542229e-02,1.517924877724648181e-01,8.141363944346194925e-01,-6.775498649892824687e+01
8.005718370264475192e-02,1.501015018236727672e-01,8.121147350090101025e-01,1.906089143394538894e+02
8.077197998570408155e-02,1.478099774814391754e-01,8.103809260517194080e-01,-5.424049108153395338e+01
8.148677626876341118e-02,1.464522222924325989e-01,8.081995380062995116e-01,-2.852071508526757384e+02
8.220157255182272693e-02,1.445739406248678915e-01,8.062676554853991373e-01,2.406150383989024419e+02
8.291636883488205656e-02,1.422674184305777467e-01,8.045410416086230532e-01,1.769087645055493851e+01
8.363116511794138619e-02,1.411005488836320765e-01,8.022681493075708437e-01,-5.630809754117161674e+02
8.434596140100071582e-02,1.390559401810951279e-01,8.004159932489794960e-01,2.122868121756076789e+02
8.506075768406004545e-02,1.367293075039213435e-01,7.986990207469948366e-01,8.939053436796727681e+01
8.577555396711937508e-02,1.357260834973607055e-01,7.963476932571068589e-01,-8.073524371742613539e+02
8.649035025017870471e-02,1.334401174432192638e-01,7.946112200553285820e-01,1.031433597081601903e+02
8.720514653323803433e-02,1.321649632864404789e-01,7.923902385054463204e-01,-2.831483991595929410e+02
8.791994281629736396e-02,1.302424331932647006e-01,7.904795657570420353e-01,1.929289394263416568e+01
8.863473909935667971e-02,1.285739205037454980e-01,7.884471340521829186e-01,3.787344102123773837e+01
8.934953538241600934e-02,1.270116800495289244e-01,7.863637557547614731e-01,1.270218008820041007e+02
9.006433166547533897e-02,1.247259092403560227e-01,7.846271986730346537e-01,-1.059183702484892393e+02
9.077912794853466860e-02,1.232159839028316439e-01,7.825187753381782629e-01,-8.593775338486801729e+01
9.149392423159399823e-02,1.214893238547846838e-01,7.805142133885211164e-01,-2.115658427639096928e+01
9.220872051465332786e-02,1.196535538150272776e-01,7.785619816135387339e-01,1.424315856324758442e+02
9.292351679771265749e-02,1.180657996000078619e-01,7.764908383500817024e-01,8.829640616051183315e+02
9.363831308077198712e-02,1.171373998548386336e-01,7.741036551563774681e-01,-1.340117041519974634e+02
9.435310936383131675e-02,1.160549669488966235e-01,7.717903101359032680e-01,-1.036828010530965912e+03
9.506790564689063250e-02,1.135969450129682978e-01,7.701363244275343245e-01,1.575085729956406055e+02
9.578270192994996213e-02,1.125543094654165716e-01,7.678039078222173019e-01,-8.974722726122952281e+02
9.649749821300929176e-02,1.106575864948770721e-01,7.658808645325484443e-01,8.196259410452180418e+02
9.721229449606862139e-02,1.095789053268617086e-01,7.635657031514216930e-01,-1.388154933135877513e+02
9.792709077912795101e-02,1.071563290958956055e-01,7.618947189088359773e-01,9.669673395743768651e+02
9.864188706218728064e-02,1.063394983395848092e-01,7.594540442344436260e-01,-2.621714838774414034e+02
9.935668334524661027e-02,1.037083795415629645e-01,7.578830216381614582e-01,8.737805713302827826e+02
1.000714796283059399e-01,1.030108410344637848e-01,7.553851780939464522e-01,-3.431966373683658844e+02
1.007862759113652695e-01,1.006172710229378403e-01,7.537003095081307169e-01,-1.004544319771380003e+02
1.015010721944245853e-01,9.828694435804824492e-02,7.519851019111752910e-01,1.027836285206965385e+03
1.022158684774839149e-01,9.756372162338329546e-02,7.494995602062775042e-01,-3.467661951417213686e+02
1.029306647605432445e-01,9.485090510583735202e-02,7.479676958079845006e-01,8.076470685123350677e+02
1.036454610436025742e-01,9.406974045789072425e-02,7.455099272045797587e-01,-2.503590295877436347e+02
1.043602573266619038e-01,9.286469768466396046e-02,7.432553371915593399e-01,-8.226060353696173024e+02
1.050750536097212334e-01,9.056184471181989715e-02,7.415269953076391030e-01,1.079218170419966043e+02
1.057898498927805631e-01,8.934629592745872706e-02,7.392774397710489831e-01,-5.384837283364254290e+02
1.065046461758398927e-01,8.746748276444245296e-02,7.373458084504808108e-01,1.255610589982516103e+03
1.072194424588992223e-01,8.654273211145484257e-02,7.349568662943961606e-01,-2.037645052448638694e+02
1.079342387419585381e-01,8.398248771508767807e-02,7.333518682646154030e-01,1.026299329532084357e+03
1.086490350250178677e-01,8.301927670206916965e-02,7.309813613903544116e-01,1.151876156930085848e+01
1.093638313080771973e-01,8.207794101889519245e-02,7.286003696882553671e-01,-1.016211052956577760e+03
1.100786275911365270e-01,7.949619418628306455e-02,7.270057099683168156e-01,2.160529195326014076e+02
1.107934238741958566e-01,7.859616466628070730e-02,7.246049136664488577e-01,-1.343321479830685576e+03
1.115082201572551862e-01,7.672594709523387901e-02,7.226691939484376492e-01,4.814034327215598523e+02
1.122230164403145158e-01,7.547481553341722771e-02,7.204366954478577112e-01,-9.997090910303008116e+01
1.129378127233738455e-01,7.320514352598085639e-02,7.186924161496792696e-01,7.483991189331134137e+02
1.136526090064331751e-01,7.195036476455157759e-02,7.164616681759226058e-01,3.186489056663211841e+02
1.143674052894924908e-01,7.105174956334060765e-02,7.140602029398768202e-01,-5.130584581013988554e+02
1.150822015725518205e-01,6.968195196021147175e-02,7.118846073986432321e-01,-7.530322721951135918e+02
1.157969978556111501e-01,6.780051863367200782e-02,7.099542344811979877e-01,9.141908936435589794e+02
1.165117941386704797e-01,6.675088559103915797e-02,7.076251752341803369e-01,-1.472686532764463720e+02
1.172265904217298094e-01,6.430582044358236493e-02,7.059649466050548217e-01,9.676739292985583916e+02
1.179413867047891390e-01,6.350613073272178000e-02,7.035160725532765280e-01,-2.715266564522554518e+02
1.186561829878484686e-01,6.086880107558668290e-02,7.019480384575657039e-01,8.310598926593168017e+02
1.193709792709077983e-01,6.023692509338172962e-02,6.994187199327380755e-01,-4.660094936281591913e+02
1.200857755539671279e-01,5.748723731927662256e-02,6.979045511282033765e-01,6.204953599538986282e+02
1.208005718370264575e-01,5.675553207339357337e-02,6.954230781432995112e-01,-4.710767085675037151e+02
1.215153681200857733e-01,5.539973638249214710e-02,6.932407724545855965e-01,-7.602319103250772514e+02
1.222301644031451029e-01,5.353096243794280840e-02,6.913043295747006711e-01,8.645056661557825919e+02
1.229449606862044325e-01,5.219389981988074162e-02,6.891130440374516608e-01,4.596259993568420441e+02
1.236597569692637621e-01,5.132141952399292550e-02,6.866990517987976439e-01,-3.946126039412898763e+02
1.243745532523230918e-01,4.996756907912566770e-02,6.845157908598284990e-01,6.553852718920195741e+01
1.250893495353824214e-01,4.893640719877845324e-02,6.821778529341859798e-01,1.458435327628995424e+02
1.258041458184417372e-01,4.802636314146912361e-02,6.797818574153172699e-01,-9.439602371994133136e+02
1.265189421015010807e-01,4.645554747003705770e-02,6.777025648755906628e-01,-2.776685196284716994e+02
1.272337383845603964e-01,4.463879009687038435e-02,6.757412227128852811e-01,1.635656328976610212e+03
1.279485346676197399e-01,4.348219284583038080e-02,6.734633918453000190e-01,2.107346516552598814e+02
1.286633309506790557e-01,4.255834744138690950e-02,6.710740091320964718e-01,-6.634844042460667879e+02
1.293781272337383992e-01,4.111111977027235437e-02,6.689355328422311731e-01,-5.583970535188644817e+02
1.300929235167977149e-01,3.925176162357607579e-02,6.669945449702567863e-01,1.118143355431607688e+03
1.308077197998570307e-01,3.797971439317938264e-02,6.647720524593168090e-01,3.654460780537826281e+02
1.315225160829163742e-01,3.707362553600818122e-02,6.623741619423323401e-01,-4.379459969390810556e+02
1.322373123659756899e-01,3.574704158471872506e-02,6.601778539662891410e-01,-8.479874321702103543e+02
1.329521086490350334e-01,3.382448527568877872e-02,6.582671589678200652e-01,9.600419220922829027e+02
1.336669049320943492e-01,3.376047442449199576e-02,6.554656330218989746e-01,-7.900035046163743573e+02
1.343817012151536927e-01,3.215733432785620322e-02,6.534018336959731554e-01,-1.400659509145490631e+02
1.350964974982130085e-01,3.039191721742149493e-02,6.514158810920019915e-01,1.200322362976367685e+03
1.358112937812723520e-01,3.039867790035282943e-02,6.485804327434628869e-01,-1.133176413582617215e+03
1.365260900643316677e-01,2.845868196946649969e-02,6.466781624384535521e-01,7.246912388757783674e+02
1.372408863473910112e-01,2.831784953442115574e-02,6.439134624831568399e-01,-6.104978549374052363e+02
1.379556826304503270e-01,2.681330559677259917e-02,6.418024621123045170e-01,-3.059336174509430748e+02
1.386704789135096427e-01,2.497961773943379107e-02,6.398491694578944955e-01,1.296533252763589189e+03
1.393852751965689862e-01,2.499612012557432539e-02,6.370090520088440567e-01,-1.239600513908251514e+03
1.401000714796283020e-01,2.312310220830994870e-02,6.350746133048592590e-01,4.683658588503669762e+02
1.408148677626876455e-01,2.327824052385326498e-02,6.321680453659440646e-01,-1.179445660326369989e+02
1.415296640457469612e-01,2.164417614026525188e-02,6.301190723384459957e-01,7.285398985083679690e+02
1.422444603288063047e-01,2.141871629456853707e-02,6.273949322401668471e-01,1.430018948813182647e+02
1.429592566118656205e-01,2.069547993584498063e-02,6.249094077291907912e-01,-1.082597248555562999e+02
1.436740528949249640e-01,1.964856899942594645e-02,6.225790369538554136e-01,-2.706049445709771248e+02
1.443888491779842798e-01,1.962191452563114002e-02,6.197596062344089551e-01,-1.293886150380428489e+03
1.451036454610435955e-01,1.776422216647686320e-02,6.178178839521247800e-01,4.312405679400917506e+02
1.458184417441029390e-01,1.792423974901821357e-02,6.149089742506124168e-01,-1.463478584286975490e+02
1.465332380271622548e-01,1.626998727251207505e-02,6.128696773382058538e-01,7.088181924981518023e+02
1.472480343102215983e-01,1.617847286623516623e-02,6.100813342328385014e-01,-8.152478286728559169e+02
1.479628305932809140e-01,1.423415861608101456e-02,6.081810685799979854e-01,1.071561604840288283e+03
1.486776268763402575e-01,1.429799106896125285e-02,6.053182650893479400e-01,1.759737140439368375e+02
1.493924231593995733e-01,1.304922219878340214e-02,6.030846133742604476e-01,2.376716124427988177e+02
1.501072194424589168e-01,1.261301072944981568e-02,6.004614892927528924e-01,-3.546211075451514603e+02
1.508220157255182325e-01,1.084650503485041877e-02,5.984759975034928958e-01,9.264156011055235922e+02
1.515368120085775483e-01,1.070303964848246837e-02,5.957125553276875207e-01,1.940145386179987668e+02
1.522516082916368918e-01,9.866098196733577574e-03,5.932815079381194012e-01,-2.955068307855064802e+01
1.529664045746962076e-01,8.938630811798870673e-03,5.908938511754131540e-01,-2.299872602025681090e+02
1.536812008577555511e-01,8.848336953232322985e-03,5.881049254709459495e-01,-1.090925560814505388e+03
1.543959971408148668e-01,7.047775945146178382e-03,5.861358167105739092e-01,3.356980323869428275e+02
1.551107934238742103e-01,7.112096113638138005e-03,5.832727765805966191e-01,1.182484309908026603e+02
1.558255897069335261e-01,6.720764428687184440e-03,5.806281406698419190e-01,-3.830246526630712083e+02
1.565403859899928696e-01,5.328452251758666880e-03,5.784632916319006890e-01,-7.589146841589047199e+01
1.572551822730521853e-01,5.434655715477806383e-03,5.755801789996154438e-01,-8.632166650990628796e+02
1.579699785561115011e-01,3.498579338143985827e-03,5.736759651557968853e-01,9.617335137722398031e+02
1.586847748391708446e-01,3.566708909096952262e-03,5.708111019758684845e-01,5.876447564983027405e+01
1.593995711222301603e-01,3.570715914847774272e-03,5.679769738108619848e-01,2.136877903959753411e+00
1.601143674052895038e-01,3.566920914578754643e-03,5.651465852775736654e-01,-4.062713889714780890e+01
1.608291636883488196e-01,3.527037605132860715e-03,5.623334944738506147e-01,-1.189634920717156547e+03
1.615439599714081631e-01,1.688853856040606598e-03,5.603823591184293740e-01,3.989202407105275938e+02
1.622587562544674789e-01,1.778664155594229020e-03,5.575071040034087488e-01,3.278832840731057274e+01
1.629735525375268224e-01,1.785196991669483904e-03,5.546717651988315456e-01,2.549140835166042951e+00
1.636883488205861381e-01,1.785577719153701864e-03,5.518393756049188026e-01,4.608676910050917841e-01
1.644031451036454539e-01,1.784412057800720351e-03,5.490077324426059224e-01,3.134200717896030053e+00
1.651179413867047974e-01,1.768962644187812910e-03,5.461830029286088850e-01,3.654712386972909144e+01
1.658327376697641131e-01,1.543403794746616223e-03,5.434599226076877176e-01,-6.638752389970915146e+02
1.665475339528234566e-01,-7.334022065227279244e-05,5.413945777669096904e-01,1.594650920997308106e+02
1.672623302358827724e-01,-1.041095824979605130e-04,5.384895670080156460e-01,5.588038047159583357e+02
1.679771265189421159e-01,1.796490557260662724e-03,5.365631256172803676e-01,-1.298719714300945725e+03
1.686919228020014316e-01,1.785146497837062632e-03,5.337254287716608481e-01,2.498842617312035497e+00
1.694067190850607751e-01,1.767499896446119443e-03,5.308847630983515309e-01,1.280163372725551426e+03
1.701215153681200909e-01,3.664392253447227871e-03,5.289618312233419495e-01,-5.504344215550836452e+02
1.708363116511794066e-01,3.516421553207029708e-03,5.260586964121566345e-01,7.215457845217072474e+01
1.715511079342387502e-01,5.087304279261050007e-03,5.239794385451111980e-01,-5.751873113456622377e+02
1.722659042172980659e-01,5.241906285585154653e-03,5.212213314899958316e-01,6.742033555151614337e+02
1.729807005003574094e-01,7.170417950450925539e-03,5.193135556225595417e-01,-1.175965728565398194e+03
1.736954967834167252e-01,7.156778871430190953e-03,5.164748101721784446e-01,1.187600362100489747e+03
1.744102930664760687e-01,9.049306483665791462e-03,5.145497856834327921e-01,-5.644302832048120990e+02
1.751250893495353844e-01,9.288979542036062895e-03,5.118324648491689999e-01,4.391285406453134783e+02
1.758398856325947279e-01,1.070692213092623926e-02,5.096799517681472880e-01,3.227073135636105690e+02
1.765546819156540437e-01,1.269992931423936412e-02,5.078030270527478240e-01,-4.494374706774502215e+01
1.772694781987133594e-01,1.427487116969828988e-02,5.057257750283797870e-01,4.143706680719691349e+01
1.779842744817727029e-01,1.591838300307714393e-02,5.036813242432907067e-01,-1.619230693369367771e+02
1.786990707648320187e-01,1.820688421828436931e-02,5.019461076926577947e-01,7.520565933988596896e+01
1.794138670478913622e-01,1.962554674197182145e-02,4.997939374936979928e-01,2.064764927092808762e+02
1.801286633309506779e-01,2.144902599383016403e-02,4.978357524264892531e-01,-1.819071743933254766e+02
1.808434596140100215e-01,2.363918498126079543e-02,4.960533362230636900e-01,4.370554312868188873e+01
1.815582558970693372e-01,2.586555390414463709e-02,4.942883267292788596e-01,-6.540524160335810855e+00
1.822730521801286807e-01,2.806865980413073697e-02,4.925120817295050579e-01,5.560123916491549467e-01
1.829878484631879965e-01,3.027725589206766918e-02,4.907386112601408445e-01,-6.580912278264542392e-01
1.837026447462473122e-01,3.248556350438067120e-02,4.889659129870270182e-01,2.823973491138127012e-01
1.844174410293066557e-01,3.468915167183268811e-02,4.871798937637564220e-01,1.368954676268363890e+01
1.851322373123659715e-01,3.691766780019504340e-02,4.854646171311987057e-01,-1.065661586926659510e+02
1.858470335954253150e-01,3.907782557375703847e-02,4.835551206808552105e-01,7.291610221469912858e+02
1.865618298784846307e-01,4.172828141015069020e-02,4.830386419426313527e-01,-2.122898860705336403e+02
1.872766261615439742e-01,4.422140518855501023e-02,4.820751435137228813e-01,-2.706008975026188637e+02
1.879914224446032900e-01,4.650954128176589680e-02,4.805293026639239073e-01,2.328326682466807895e+01
1.887062187276626335e-01,4.887766489676848014e-02,4.792106511885805831e-01,8.193670485426470407e+01
1.894210150107219492e-01,5.129987934254635895e-02,4.780457415727892845e-01,4.356925989213493153e+02
1.901358112937812650e-01,5.395754702891019522e-02,4.775497642455243663e-01,-5.541753082773772121e+02
1.908506075768406085e-01,5.636473128008684386e-02,4.763421002392031478e-01,-9.681878099170599228e+01
1.915654038598999243e-01,5.871889486247219153e-02,4.749837930374981032e-01,8.256655337265825665e+02
1.922802001429592678e-01,6.136085041185020822e-02,4.744431825116321999e-01,-2.347042664777706023e+02
1.929949964260185835e-01,6.386229828904596562e-02,4.735033721846988453e-01,-4.499093687374652291e+02
1.937097927090779270e-01,6.616496569954931350e-02,4.719987593062148767e-01,9.379850568941067195e+02
1.944245889921372428e-01,6.876538805016893519e-02,4.713401195683174505e-01,-4.468487859829321707e+01
1.951393852751965863e-01,7.132998383854152746e-02,4.705796883142442932e-01,-1.738358433774023126e+02
1.958541815582559020e-01,7.419880799225966883e-02,4.706836408682587014e-01,-2.449772855570325873e+02
1.965689778413152178e-01,7.654189616267061125e-02,4.692939286616190642e-01,5.162900783279487769e+02
1.972837741243745613e-01,7.936731052872406100e-02,4.692745415115694430e-01,-2.490725010739425045e+02
1.979985704074338770e-01,8.173707460616574938e-02,4.679605562495021687e-01,4.107572495188160815e+02
1.987133666904932205e-01,8.448772737212954798e-02,4.677287656330009757e-01,-8.945543181380659803e+01
1.994281629735525363e-01,8.733482157210964436e-02,4.677709767065396096e-01,-7.057390847885839094e+02
2.001429592566118798e-01,8.960828843931908927e-02,4.661834489999172604e-01,6.047892704031158928e+02
2.008577555396711956e-01,9.251279325391816022e-02,4.663887729049303599e-01,-5.913316399005049107e+02
2.015725518227305391e-01,9.478675055924230819e-02,4.648025906444063771e-01,7.230756184466691820e+02
2.022873481057898548e-01,9.763192100533571449e-02,4.648393349368191707e-01,8.546252237181235500e+01
2.030021443888491706e-01,1.003861850345236228e-01,4.646177897810921387e-01,-4.259837500451607184e+02
2.037169406719085141e-01,1.027614480790820656e-01,4.633194327661583345e-01,1.840680027364580553e+02
2.044317369549678298e-01,1.056223559957021330e-01,4.634008990616308443e-01,2.769522284706412307e+01
2.051465332380271733e-01,1.084953915212727577e-01,4.635168099214077020e-01,-5.098983572260746655e+02
2.058613295210864891e-01,1.107783653860309470e-01,4.619562932707080849e-01,7.987929289239824584e+02
2.065761258041458326e-01,1.136162877075426597e-01,4.619724475199243341e-01,6.171623619843162345e+01
2.072909220872051483e-01,1.163880614253934576e-01,4.618006658942385156e-01,-4.995635241246253599e+02
2.080057183702644918e-01,1.187430366242897828e-01,4.604446596434347283e-01,2.234561608734210552e+02
2.087205146533238076e-01,1.216091364955670384e-01,4.605408653168036048e-01,4.286073397975511767e+01
2.094353109363831233e-01,1.244460477649819569e-01,4.605541469255965970e-01,-3.221091866470789711e+01
2.101501072194424669e-01,1.272962638602835872e-01,4.606052292690559491e-01,-4.808139867574872994e+01
2.108649035025017826e-01,1.297525793673333094e-01,4.595371784258422965e-01,2.152638692649035477e+02
2.115796997855611261e-01,1.324419195487071266e-01,4.591312158705904700e-01,-1.406170929304779804e+02
2.122944960686204419e-01,1.352654946755655063e-01,4.591065887590735084e-01,2.468015332469792433e+00
2.130092923516797854e-01,1.380989088002752274e-01,4.591099409077810112e-01,2.068430289834141789e+00
2.137240886347391011e-01,1.409313434710931234e-01,4.591105204661837802e-01,1.457418328909337313e-01
2.144388849177984446e-01,1.437636007061587895e-01,4.591105464475665476e-01,-1.217126919001500496e-01
2.151536812008577604e-01,1.465958468088322808e-01,4.591105934006261546e-01,5.321069771905907464e-01
2.158684774839170761e-01,1.494273301168549395e-01,4.591084381951368587e-01,7.968285239540197296e+00
2.165832737669764196e-01,1.522548211683266428e-01,4.590949604072163126e-01,1.336958062328007379e+01
2.172980700500357354e-01,1.551179736824128408e-01,4.591828056061448282e-01,-6.571909107896005935e+02
2.180128663330950789e-01,1.573934668628505229e-01,4.576011314216411607e-01,6.480775426006682665e+02
2.187276626161543946e-01,1.602572831298870737e-01,4.576908672938333478e-01,-1.168535640925488472e+01
2.194424588992137382e-01,1.630849111322971723e-01,4.576778244321453304e-01,-7.852770896521469091e+00
2.201572551822730539e-01,1.659163511042332784e-01,4.576756679665817673e-01,-5.676384124375914997e-01
2.208720514653323974e-01,1.687485985956856949e-01,4.576757173523003375e-01,9.467810454161253164e-02
2.215868477483917132e-01,1.715808599760777486e-01,4.576757538931672253e-01,1.733633712278058805e-02
2.223016440314510289e-01,1.744130923031812219e-01,4.576757526764368422e-01,1.007905317272989217e-02
2.230164403145103724e-01,1.772453327803479861e-01,4.576757343311036452e-01,1.484644538231730433e-02
2.237312365975696882e-01,1.800775320931845003e-01,4.576758587838994918e-01,-7.725516290035350231e-01
2.244460328806290317e-01,1.829091772766980872e-01,4.576775189302328406e-01,-3.721822356497616724e+00
2.251608291636883474e-01,1.857417865803487611e-01,4.576764909252806768e-01,4.773498643670806274e+01
2.258756254467476909e-01,1.886126753855050242e-01,4.575666644510100745e-01,3.412505752936935437e+02
2.265904217298070067e-01,1.909263837155276144e-01,4.590397716294150610e-01,-6.767318168833322716e+02
2.273052180128663502e-01,1.937433737585104732e-01,4.590830722319142465e-01,7.149620764177670651e+01
2.280200142959256659e-01,1.965661428790007326e-01,4.591099547960454941e-01,1.436290069920718260e+01
2.287348105789849817e-01,1.994007976223008405e-01,4.591031119939603111e-01,2.818190178031274939e+01
2.294496068620443252e-01,2.022494655743333480e-01,4.590564093160395265e-01,2.836054214459968392e+01
2.301644031451036410e-01,2.047191175037985367e-01,4.600865633621560313e-01,-1.885863413362708343e+02
2.308791994281629845e-01,2.073962305820392094e-01,4.605272826686038212e-01,1.466733337423074772e+02
2.315939957112223002e-01,2.102232259546336912e-01,4.605421538444023910e-01,2.841577217251107257e+01
2.323087919942816437e-01,2.130781977699587049e-01,4.604775937241069039e-01,7.375143698254571234e+01
2.330235882773409595e-01,2.155157061725867795e-01,4.615990835154691885e-01,-2.566821681125944679e+02
2.337383845604003030e-01,2.182218823521596407e-01,4.619572395049508784e-01,1.345026291034897383e+02
2.344531808434596187e-01,2.210472858107079552e-01,4.619766759518009747e-01,3.632696775019469726e+01
2.351679771265189622e-01,2.239067165805329884e-01,4.618993952633277389e-01,1.228431986762077059e+02
2.358827734095782780e-01,2.263134317180887645e-01,4.631083642763006991e-01,-3.316587809789362495e+02
2.365975696926375937e-01,2.290469501111107864e-01,4.633888260299112716e-01,1.214531374265137202e+02
2.373123659756969372e-01,2.318711704350042702e-01,4.634115825223522611e-01,4.426837921542966114e+01
2.380271622587562530e-01,2.347346047013822434e-01,4.633229775311509258e-01,1.745598768047085514e+02
2.387419585418155965e-01,2.371129023872201869e-01,4.646126979682017044e-01,-4.110193040206192450e+02
2.394567548248749123e-01,2.398737685630349392e-01,4.648154731960880692e-01,1.152855425291245695e+02
2.401715511079342558e-01,2.426889158821506909e-01,4.648640426088564981e-01,-1.452847489697089998e+02
2.408863473909935715e-01,2.453421338136105301e-01,4.653726527659553525e-01,1.357103300689953187e+02
2.416011436740529150e-01,2.478407186409863905e-01,4.663206566887569959e-01,3.944394460028642158e+01
2.423159399571122308e-01,2.507125324863364035e-01,4.662082203836112049e-01,1.122445374704446834e+02
2.430307362401715465e-01,2.531154326792400822e-01,4.674279760925455496e-01,-3.541392232673209151e+02
2.437455325232308900e-01,2.558494541128742972e-01,4.677070168469975031e-01,1.095998792110383420e+02
2.444603288062902058e-01,2.587007656049264415e-01,4.676526658160775618e-01,6.545381649153171111e+02
2.451751250893495493e-01,2.609740522668990703e-01,4.692406072368541237e-01,-6.434955159442386048e+02
2.458899213724088650e-01,2.638764585470005919e-01,4.690410921301049751e-01,5.377286147770355456e+02
2.466047176554682085e-01,2.661526313696244150e-01,4.706209291323260602e-01,-7.226787075806416851e+02
2.473195139385275243e-01,2.690426122702354039e-01,4.704567290500303867e-01,4.360049748327806469e+02
2.480343102215868678e-01,2.713376215025523619e-01,4.719829223818569619e-01,-7.411919653506788563e+02
2.487491065046461836e-01,2.741551821155059354e-01,4.720245792262595108e-01,-1.295842969986702009e+01
2.494639027877054993e-01,2.769586965325263606e-01,4.721061357312700824e-01,6.544918625839462720e+02
2.501786990707648428e-01,2.792673873419250774e-01,4.735935271648128997e-01,-3.886524647962280596e+02
2.508934953538241586e-01,2.821467538967443733e-01,4.734595916746406341e-01,8.139371835742243775e+02
2.516082916368834743e-01,2.844617081167458705e-01,4.749292432598348768e-01,-3.023439267381102127e+02
2.523230879199428456e-01,2.869499201667967125e-01,4.759064358687664087e-01,-2.020722014576370213e+02
2.530378842030021613e-01,2.896572088313925097e-01,4.762612425011537032e-01,1.105672270485924571e+02
2.537526804860614771e-01,2.921486292758708747e-01,4.772296190370900471e-01,-1.225160618490863271e+02
2.544674767691207928e-01,2.948039849589709216e-01,4.777319412374144147e-01,3.441502444615598222e+01
2.551822730521801086e-01,2.973428314070858947e-01,4.785653863329756286e-01,-8.851731421281341738e+01
2.558970693352394798e-01,2.999567281694397458e-01,4.791856840305258602e-01,9.311576552229022354e+02
2.566118656182987956e-01,3.022350282041466607e-01,4.807592578570453745e-01,-5.602141130765725165e+02
2.573266619013581114e-01,3.051412101638597552e-01,4.805491701735424281e-01,7.171630698676151496e+02
2.580414581844174271e-01,3.074263180204156454e-01,4.821038373510480035e-01,-5.807953602444513308e+02
2.587562544674767984e-01,3.099626908684208759e-01,4.829441848669576154e-01,-1.341674409410407520e+02
2.594710507505361141e-01,3.125878436727577703e-01,4.835323242838072133e-01,9.976965065619388042e+02
2.601858470335954299e-01,3.149149992892792960e-01,4.849672599612532276e-01,-2.301791277443392971e+02
2.609006433166547456e-01,3.173605628761088093e-01,4.860661106427896505e-01,-4.084637232495296644e+02
2.616154395997140614e-01,3.200152448913380354e-01,4.865704080034709555e-01,5.787109877888924530e+02
2.623302358827734326e-01,3.224172646948713639e-01,4.877924720606596765e-01,8.039771690027259865e+01
2.630450321658327484e-01,3.247753990740074870e-01,4.891395162360979709e-01,-8.028444638203699242e+02
2.637598284488920641e-01,3.274190473100309084e-01,4.896751515196605675e-01,2.488647768919120438e+02
2.644746247319513799e-01,3.299153073743991138e-01,4.906294718534549015e-01,4.269159828241893706e+02
2.651894210150107511e-01,3.322194055289648951e-01,4.921298295021261926e-01,-9.624529231938807925e+02
2.659042172980700669e-01,3.348284141152769733e-01,4.927639728794669938e-01,7.316415268290798224e+01
2.666190135811293827e-01,3.373778281687110359e-01,4.935674197834993837e-01,-3.430775485015150394e+01
2.673338098641886984e-01,3.400062978695526650e-01,4.941464689257624165e-01,5.588089216357319344e+01
2.680486061472480142e-01,3.425630764260244043e-01,4.949288505269282545e-01,6.290995299860198884e+02
2.687634024303073854e-01,3.448586892290739780e-01,4.964535552558330678e-01,-7.387847334267485166e+02
2.694781987133667012e-01,3.474155760481794641e-01,4.972356360813995346e-01,-8.567553263014710296e+01
2.701929949964260169e-01,3.500290612703599313e-01,4.978572527341506571e-01,1.065894721387979416e+03
2.709077912794853327e-01,3.523455554984663007e-01,4.993223732413690219e-01,-3.016643030773736314e+02
2.716225875625447039e-01,3.548142479879791145e-01,5.003550357872862397e-01,-3.168344550422089014e+02
2.723373838456040197e-01,3.574801141865593945e-01,5.008275423030824625e-01,6.579958606069455982e+02
2.730521801286633354e-01,3.596391610442040698e-01,5.027403581966646273e-01,-5.379260247419809815e+01
2.737669764117226512e-01,3.617970909477928321e-01,5.046562226621166269e-01,-3.375430532401510391e+02
2.744817726947820224e-01,3.644836037858236732e-01,5.050699279826524890e-01,6.492009909454807257e+02
2.751965689778413382e-01,3.666035100509751898e-01,5.070937172874615539e-01,-1.681963675784915893e+02
2.759113652609006540e-01,3.691792830222940247e-01,5.078223353696535991e-01,4.444625102827523619e+02
2.766261615439599697e-01,3.714777811464198831e-01,5.093386148476818365e-01,-9.929800801728655415e+02
2.773409578270192855e-01,3.740744490355266128e-01,5.100080051888686850e-01,2.775536632521681923e+01
2.780557541100786567e-01,3.766525077999691162e-01,5.107299341142648164e-01,8.778680413767438040e+02
2.787705503931379725e-01,3.789525195217081643e-01,5.122421389693925242e-01,-5.055014565521528880e+02
2.794853466761972882e-01,3.814656306033193944e-01,5.131485946015528210e-01,-2.027156771063369263e+02
2.802001429592566040e-01,3.841031048720704444e-01,5.137020672238584718e-01,8.785897149507967470e+02
2.809149392423159752e-01,3.864485854313556290e-01,5.150847854566243944e-01,-1.344797911770473320e+02
2.816297355253752910e-01,3.888665561138292537e-01,5.162618232689472064e-01,-5.115388368894043651e+02
2.823445318084346067e-01,3.915224746970175640e-01,5.167626581892961202e-01,4.690094294714357375e+02
2.830593280914939225e-01,3.939502092587877091e-01,5.179119144431884036e-01,1.639224559709152231e+02
2.837741243745532382e-01,3.962909984811830433e-01,5.193081035952634705e-01,-8.478801164903148901e+02
2.844889206576126095e-01,3.989825407669168045e-01,5.197076934833606554e-01,4.098080252710223590e+02
2.852037169406719253e-01,4.010381114584580242e-01,5.219141150677217844e-01,-4.207692569801678815e+02
2.859185132237312410e-01,4.037309940382036721e-01,5.223095623990929859e-01,8.156421862746828992e+02
2.866333095067905568e-01,4.060750915422342566e-01,5.237086395902385005e-01,-1.728136516459902623e+02
2.873481057898499280e-01,4.085075746430410493e-01,5.247679113496234171e-01,-2.182050594415309774e+02
2.880629020729092438e-01,4.112255717929648169e-01,5.246584104294735873e-01,-1.648809018410506440e+02
2.887776983559685595e-01,4.126774094501167722e-01,5.247707994473449489e-01,9.300318460169032733e+02
2.894924946390278753e-01,4.107908967440362380e-01,5.253313064041474911e-01,-6.472594539042590895e+02
2.902072909220871910e-01,4.137235268560467416e-01,5.272751862219939856e-01,3.318642289295756314e+02
2.909220872051465623e-01,4.142408259649468794e-01,5.297602408941581853e-01,-1.052794585593564562e+02
2.916368834882058780e-01,4.155081019267340969e-01,5.320873817408433570e-01,-3.483214952734445546e+02
2.923516797712651938e-01,4.183359597642988814e-01,5.322747961171372388e-01,6.952128124899537909e+01
2.930664760543245095e-01,4.211899446626023447e-01,5.322340430760790220e-01,4.447690519626877403e+02
2.937812723373838808e-01,4.234162413416976967e-01,5.339542321821012516e-01,-3.850738897767248403e+01
2.944960686204431966e-01,4.258248362823536248e-01,5.351576489339038289e-01,-4.227799913515548269e+01
2.952108649035025123e-01,4.282785766309197828e-01,5.362333594577135543e-01,8.266805600942376486e+01
2.959256611865618281e-01,4.304756930318293651e-01,5.380376256775538657e-01,-5.591218054701506617e+02
2.966404574696211438e-01,4.331237669914330679e-01,5.385606536249402110e-01,2.698205330776965525e+02
2.973552537526805151e-01,4.352025947677924389e-01,5.407012609610764020e-01,-5.137323818876734549e+02
2.980700500357398308e-01,4.379109556664384506e-01,5.410530523235580480e-01,5.405914055779159071e+02
2.987848463187991466e-01,4.400710933005501646e-01,5.429624000020329966e-01,-2.685665198133238718e+01
2.994996426018584623e-01,4.422264713991861940e-01,5.448855028987881211e-01,-3.871908637195782035e+02
3.002144388849178336e-01,4.449226802413869253e-01,5.452718552589584933e-01,6.232587095552348728e+02
3.009292351679771493e-01,4.470318084800299907e-01,5.473260939993020990e-01,-1.880903656700433828e+02
3.016440314510364651e-01,4.496152715269647882e-01,5.480329393855037923e-01,3.268918193666149250e+02
3.023588277340957808e-01,4.518881893537051164e-01,5.496222695370238664e-01,-2.818936906710352019e+01
3.030736240171550966e-01,4.542532829563375452e-01,5.509495848567217413e-01,-1.245139082173610774e+02
3.037884203002144679e-01,4.567506215078718790e-01,5.519008570730733476e-01,1.133314454629544201e+02
3.045032165832737836e-01,4.589147158132029780e-01,5.537993448804743313e-01,-6.769777893384547269e+02
3.052180128663330994e-01,4.615886373169709733e-01,5.542493615997911016e-01,3.184200961715074527e+02
3.059328091493924151e-01,4.636592257542463402e-01,5.564132784256095032e-01,-4.526028198725643392e+02
3.066476054324517864e-01,4.663645297922872079e-01,5.567736757763592781e-01,6.210778153233363810e+02
3.073624017155111021e-01,4.685322543677738483e-01,5.586616021463527426e-01,-5.352917279101087189e+01
3.080771979985704179e-01,4.706875286015608228e-01,5.605849667645159684e-01,-3.223066015615398214e+02
3.087919942816297336e-01,4.733676426541769677e-01,5.610169559557337537e-01,7.099834784361581796e+02
3.095067905646890494e-01,4.755382180895453281e-01,5.628967046412315378e-01,-1.038068998794140896e+02
3.102215868477484206e-01,4.777605204725909327e-01,5.646296852283566592e-01,-5.312752043238414323e+00
3.109363831308077364e-01,4.799815576111921001e-01,5.663659484793309717e-01,1.213558323021009357e+02
3.116511794138670521e-01,4.821834358323449643e-01,5.681570798590410698e-01,-7.120700285888977987e+02
3.123659756969263679e-01,4.848357632074517531e-01,5.686680588689380089e-01,2.450224210345569418e+02
3.130807719799857392e-01,4.869728194538491817e-01,5.706432734294744069e-01,-4.911671960784943991e+01
3.137955682630450549e-01,4.891986964813577754e-01,5.723660898697501276e-01,1.366055102250985556e+02
3.145103645461043707e-01,4.914842718560186730e-01,5.739194547207507879e-01,-3.323536622749299454e+02
3.152251608291636864e-01,4.940417121810504186e-01,5.747002287037871193e-01,8.172452377027394732e+01
3.159399571122230022e-01,4.962166057457744750e-01,5.765676713185544644e-01,1.602400162862670356e+02
3.166547533952823734e-01,4.984648641669308100e-01,5.782269248155503805e-01,-4.987654169583869930e+02
3.173695496783416892e-01,5.010856768037635911e-01,5.788273598470781156e-01,2.291104467091688548e+02
3.180843459614010049e-01,5.031762487723567823e-01,5.809344384994274968e-01,-5.725644190360127368e+02
3.187991422444603207e-01,5.058815108670495775e-01,5.812953566608101141e-01,4.601557879459460878e+02
3.195139385275196919e-01,5.080382517288949407e-01,5.832146171934434742e-01,1.855827055211901389e+00
3.202287348105790077e-01,5.101933298402318018e-01,5.851383164614449850e-01,-4.733628178262558777e+02
3.209435310936383234e-01,5.128942089089799650e-01,5.855116210833936075e-01,5.693073959233628329e+02
3.216583273766976392e-01,5.150403896529298642e-01,5.874607634543020929e-01,-7.726208901007153429e+01
3.223731236597569549e-01,5.172616868909475363e-01,5.891964807785357028e-01,-1.969758335659372861e+01
3.230879199428163262e-01,5.194781748366867902e-01,5.909456581479231030e-01,1.423643398886873683e+02
3.238027162258756420e-01,5.217378459813193370e-01,5.925723260127350178e-01,-4.290837286126547951e+02
3.245175125089349577e-01,5.243274197841448769e-01,5.932617712815123623e-01,1.370168585312443099e+02
3.252323087919942735e-01,5.264829834443782719e-01,5.951841676934923608e-01,1.012991473114872676e+01
3.259471050750536447e-01,5.286955160129408471e-01,5.969449394830182998e-01,-1.075701110388423132e+01
3.266619013581129605e-01,5.309047676541693850e-01,5.987147172498044068e-01,3.573355318474769504e+00
3.273766976411722762e-01,5.331074688711892051e-01,6.005033765251955868e-01,-1.990032182929309101e+01
3.280914939242315920e-01,5.353330629178292277e-01,6.022270611684135133e-01,1.205984157144139743e+02
3.288062902072909077e-01,5.375329551703608155e-01,6.040237001499662028e-01,-7.201400643413962825e+02
3.295210864903502790e-01,5.401858087527443564e-01,6.045335311331401229e-01,2.438597306360946391e+02
3.302358827734095947e-01,5.423277401599554404e-01,6.064947774091384858e-01,-1.788434918333269152e+01
3.309506790564689105e-01,5.445450550676598223e-01,6.082416477573008295e-01,-1.233134784101387105e+01
3.316654753395282262e-01,5.467512959258045147e-01,6.100199935833651166e-01,4.311805937330737137e+00
3.323802716225875975e-01,5.489734147538224418e-01,6.117535338546855606e-01,4.690773263939554738e+01
3.330950679056469133e-01,5.511094544576304877e-01,6.137313941695456965e-01,-3.775177876064706766e+02
3.338098641887062290e-01,5.538012635337749012e-01,6.141300436853012190e-01,6.675738035455556201e+02
3.345246604717655448e-01,5.559626117749222329e-01,6.160360264370073891e-01,-9.529684826197829750e+01
3.352394567548248605e-01,5.581846345980424617e-01,6.177694753413502937e-01,-9.878463566678506780e+00
3.359542530378842318e-01,5.604047878007902828e-01,6.195083486848105281e-01,1.284558233021190006e+02
3.366690493209435475e-01,5.626226861801906232e-01,6.212538716927289428e-01,-6.201094073295412272e+02
3.373838456040028633e-01,5.652570170889783530e-01,6.218162862950726844e-01,2.062257395417271653e+02
3.380986418870621790e-01,5.674026982491626736e-01,6.237669683081022987e-01,-8.971343565585044644e+00
3.388134381701215503e-01,5.696186024581672003e-01,6.255181763238498727e-01,-1.165437560449402277e+01
3.395282344531808660e-01,5.718266285634533430e-01,6.272915895846971068e-01,2.427416244071395557e+00
3.402430307362401818e-01,5.740341215653588236e-01,6.290664506121858013e-01,-3.858136747058891758e-01
3.409578270192994975e-01,5.762421238090593700e-01,6.308400834592235995e-01,4.324914382101161664e-02
3.416726233023588133e-01,5.784499112009431343e-01,6.326140123545850313e-01,-2.445916839200088649e-02
3.423874195854181846e-01,5.806578056117859266e-01,6.343879347533789570e-01,2.600297349997022361e-02
3.431022158684775003e-01,5.828656848957840531e-01,6.361616131949087150e-01,2.125254495174448977e-01
3.438170121515368161e-01,5.850732175379045330e-01,6.379365624825348302e-01,-1.834779614790578384e+00
3.445318084345961318e-01,5.872820916247222245e-01,6.397077447926470262e-01,1.055779702588829672e+01
3.452466047176555031e-01,5.894926178847391673e-01,6.414740845694038018e-01,-2.246861859868304379e+01
3.459614010007148188e-01,5.916555598001213001e-01,6.433754958324758855e-01,-9.714712273873435322e+01
3.466761972837741346e-01,5.942128537062374427e-01,6.441566990592478836e-01,3.221522681197309339e+02
3.473909935668334503e-01,5.965027236097898422e-01,6.456974187173959434e-01,-1.472180074222053463e+02
3.481057898498927661e-01,5.987183136962683783e-01,6.474491958108398171e-01,3.043068097220606205e+01
3.488205861329521373e-01,6.009211219727572661e-01,6.492373707576715169e-01,-4.322141791131912214e+00
3.495353824160114531e-01,6.031300746753173181e-01,6.510079025316738432e-01,7.437555345343718760e-02
3.502501786990707688e-01,6.053378091785849291e-01,6.527821429781877072e-01,5.541757029450864458e-01
3.509649749821300846e-01,6.075462076796797062e-01,6.545558260097875669e-01,5.211719170246510019e-02
3.516797712651894559e-01,6.097497311085212646e-01,6.563318274624834192e-01,-5.327574564339875529e+00
3.523945675482487716e-01,6.119768916096516298e-01,6.580964442206799214e-01,3.875924340516797884e+01
3.531093638313080874e-01,6.141488445149455577e-01,6.598875021425442133e-01,-1.764755266691686870e+02
3.538241601143674031e-01,6.160981467072271789e-01,6.617853011561936061e-01,3.701487706417608479e+02
3.545389563974267189e-01,6.173705576904582326e-01,6.640075974428718553e-01,-5.800548734162202180e+00
3.552537526804860901e-01,6.196727089062015192e-01,6.657362618004643018e-01,-6.414898536082904457e+01
3.559685489635454059e-01,6.218861271304425564e-01,6.675075284568666723e-01,1.125111368464390971e+01
3.566833452466047216e-01,6.240889588516215225e-01,6.692838067243745970e-01,-1.716128415385404615e+00
3.573981415296640374e-01,6.262981734516618326e-01,6.710570711012359135e-01,2.851434847982178278e-01
3.581129378127234086e-01,6.285057475722946041e-01,6.728310461812125887e-01,-1.018959444709832907e+00
3.588277340957827244e-01,6.307119518162324079e-01,6.746057751155047910e-01,1.991760706695955008e-01
3.595425303788420401e-01,6.329351376769067894e-01,6.763723205360306912e-01,1.745546075545495057e+01
3.602573266619013559e-01,6.350705226085867627e-01,6.781808950131059666e-01,-1.326148207103352092e+02
3.609721229449606716e-01,6.374385877949928503e-01,6.798779621473155510e-01,1.043849842802538660e+03
3.616869192280200429e-01,6.382235545947488875e-01,6.823339072353249435e-01,-2.464779101502449237e+02
3.624017155110793587e-01,6.406635421640362038e-01,6.839965025740779581e-01,1.082758732277407709e+01
3.631165117941386744e-01,6.428420984974659858e-01,6.857844715477089403e-01,1.458362748529000008e+01
3.638313080771979902e-01,6.450472065591359438e-01,6.875596514012645155e-01,-3.564421320065034759e+00
3.645461043602573614e-01,6.472725591976680182e-01,6.893251766176207163e-01,2.017602795587217557e+01
3.652609006433166772e-01,6.494083629486712139e-01,6.911336566528367698e-01,-1.389292460055090999e+02
3.659756969263759929e-01,6.517473224355541106e-01,6.928447097284783363e-01,1.076936426746299730e+03
3.666904932094353087e-01,6.525683132709466650e-01,6.952834769237767887e-01,-2.141685827946983238e+02
3.674052894924946244e-01,6.549974703807371901e-01,6.969512734309741830e-01,5.033523405275871276e+00
3.681200857755539957e-01,6.571800112432171215e-01,6.987372981110669956e-01,1.122807672539268387e+00
3.688348820586133114e-01,6.593552679413894335e-01,7.005268468262583204e-01,-1.764497110198749397e+01
3.695496783416726272e-01,6.618012048554049453e-01,7.021865931431342522e-01,2.613844751507468231e+02
3.702644746247319429e-01,6.625722228448470696e-01,7.046492256392955511e-01,-1.027233972217701421e+03
3.709792709077913142e-01,6.649483580122075299e-01,7.063425071721358695e-01,1.279218807831652356e+02
3.716940671908506300e-01,6.671024302581926024e-01,7.081421580122099213e-01,1.173370677732778411e+01
3.724088634739099457e-01,6.692631050356168121e-01,7.099386767397628528e-01,-1.617128233605908747e+02
3.731236597569692615e-01,6.714465930909128133e-01,7.117242294542953651e-01,8.522996224948403778e+02
3.738384560400285772e-01,6.724535138337935924e-01,7.140738662694866568e-01,-1.034415838493419955e+02
3.745532523230879485e-01,6.748221357857854263e-01,7.157707048661909877e-01,-4.875711005695769984e+01
3.752680486061472642e-01,6.770087293061211042e-01,7.175547625617093583e-01,3.985881248225901174e+01
3.759828448892065800e-01,6.793915581587464114e-01,7.192448308729854078e-01,1.274626342559181325e+02
3.766976411722658957e-01,6.803478116411539878e-01,7.216185971157528245e-01,-9.857763721556839300e+02
3.774124374553252670e-01,6.825740837272634698e-01,7.233837036796153530e-01,1.565486501811794255e+02
3.781272337383845827e-01,6.847321419951775123e-01,7.251815184536113401e-01,-7.601627498879410361e+00
3.788420300214438985e-01,6.868862554418794231e-01,7.269812278097002034e-01,-1.344942711307346030e+02
3.795568263045032142e-01,6.892365605482799751e-01,7.286868879931699405e-01,1.063287449453161116e+03
3.802716225875625300e-01,6.900362665302944842e-01,7.311356871964936888e-01,-2.349179447297067327e+02
3.809864188706219013e-01,6.924876120772260890e-01,7.327929131155919151e-01,5.340416659767241470e+01
3.817012151536812170e-01,6.946572139604338947e-01,7.345851187742578059e-01,-1.568872759368675247e+02
3.824160114367405328e-01,6.964500519143705937e-01,7.365579504650935361e-01,1.862207315353362276e+02
3.831308077197998485e-01,6.978532812156084120e-01,7.387175110240151721e-01,-7.074797384172390480e+01
3.838456040028592198e-01,7.000232315848009534e-01,7.405095422438741082e-01,5.929433262143489856e+02
3.845604002859185355e-01,7.010634871301899551e-01,7.428430778125950651e-01,-1.640954821206402414e+02
3.852751965689778513e-01,7.035359463075183672e-01,7.444900844503870019e-01,9.726280175248441537e+02
3.859899928520371670e-01,7.043002572994480071e-01,7.469560241291608449e-01,-2.980184406588565480e+02
3.867047891350964828e-01,7.069649149909317254e-01,7.485109194302070890e-01,8.141613502357782863e+02
3.874195854181558540e-01,7.076365525664356504e-01,7.510212442308271674e-01,-4.001115628078496798e+02
3.881343817012151698e-01,7.100350393162201401e-01,7.527036874832409019e-01,-8.248748708777749528e+01
3.888491779842744855e-01,7.123945072281828716e-01,7.544048777050881283e-01,9.841260926423165074e+02
3.895639742673338013e-01,7.131483118433812329e-01,7.568757520655213789e-01,-2.814137628838647629e+02
3.902787705503931726e-01,7.155342429000534077e-01,7.585643183460232253e-01,-1.304225425869844344e+02
3.909935668334524883e-01,7.178257235293594718e-01,7.602981072339251023e-01,1.116195371869152495e+03
3.917083631165118041e-01,7.186766027307113225e-01,7.627224593445839362e-01,-1.805445249589261891e+02
3.924231593995711198e-01,7.210380189647311866e-01,7.644227129689403766e-01,-1.707961759964482837e+02
3.931379556826304356e-01,7.232282172198180037e-01,7.662051028411003273e-01,9.641562268088464407e+02
3.938527519656898068e-01,7.241430314931260881e-01,7.685987368042925816e-01,-2.092855156708748723e+02
3.945675482487491226e-01,7.267042781235750759e-01,7.702032701644122570e-01,9.276595369043391202e+02
3.952823445318084383e-01,7.273950458263670482e-01,7.727044346667357733e-01,-3.700030772503799312e+02
3.959971408148677541e-01,7.301170437669179947e-01,7.742318150062270643e-01,7.591234304151822698e+02
3.967119370979271253e-01,7.308795786652111381e-01,7.766984212848246916e-01,-3.016795398509038364e+02
3.974267333809864411e-01,7.321324246479155029e-01,7.789301839378734993e-01,-7.034553523281315393e+02
3.981415296640457568e-01,7.343810544196336387e-01,7.806845628797358660e-01,9.361318583919012326e+01
3.988563259471050726e-01,7.356526495188044912e-01,7.829072665173782974e-01,-4.614605990524981394e+02
3.995711222301643883e-01,7.375158442283686888e-01,7.848463272486468911e-01,1.428140790123346960e+03
4.002859185132237596e-01,7.386873807834078987e-01,7.871168888283666121e-01,2.230009884329946317e+02
4.010007147962830754e-01,7.394838647585854075e-01,7.895673025964006220e-01,-8.258216710580585413e+02
4.017155110793423911e-01,7.422111364627608232e-01,7.910921959483071531e-01,3.550216540920859529e+02
4.024303073624017069e-01,7.429583311264030820e-01,7.935662467820419064e-01,-1.187486245805747785e+03
4.031451036454610781e-01,7.446372220791374064e-01,7.955937621264960180e-01,-5.244350290394289971e+01
4.038598999285203939e-01,7.463693950050465098e-01,7.975956696421298009e-01,1.356341519004065958e+03
4.045746962115797096e-01,7.471435341593897217e-01,8.000568043597600099e-01,-3.139446994515126335e+02
4.052894924946390254e-01,7.498426211583575363e-01,8.015952052707006059e-01,8.899931204857647344e+02
4.060042887776983411e-01,7.506747975164606013e-01,8.040285119025345484e-01,-1.563463024736808222e+02
4.067190850607577124e-01,7.517905017243133869e-01,8.063258319491033443e-01,-1.663925453875211133e+03
4.074338813438170281e-01,7.535946417957828380e-01,8.082931611728876309e-01,2.308978219517381660e+02
4.081486776268763439e-01,7.551891087932988134e-01,8.103610604083026914e-01,1.008670426556044958e+03
4.088634739099356596e-01,7.561077269573769355e-01,8.127530222190540998e-01,-1.243391406961266767e+02
4.095782701929950309e-01,7.571037117273489159e-01,8.151078940957563468e-01,-7.984947499089817313e+01
4.102930664760543467e-01,7.584896790371387088e-01,8.172756531994865847e-01,4.275242599244155599e+02
4.110078627591136624e-01,7.593620102193423538e-01,8.196896221731914123e-01,-4.230400124361161147e+02
4.117226590421729782e-01,7.606772257304976748e-01,8.218913877671525370e-01,-9.183417913889680904e+02
4.124374553252322939e-01,7.625615007989212657e-01,8.238203693408865380e-01,7.715093726900988713e+02
4.131522516082916652e-01,7.636643804786660272e-01,8.261239346795263838e-01,-1.375310023088706828e+02
4.138670478913509809e-01,7.660670086642126231e-01,8.278044171321712330e-01,1.017214122257990880e+03
4.145818441744102967e-01,7.672035599028044217e-01,8.300918135654915542e-01,1.893962247051949532e+02
4.152966404574696124e-01,7.681214368030173656e-01,8.324840358943811358e-01,-7.398320433675161212e+02
4.160114367405289837e-01,7.696057938812608246e-01,8.346046616996024570e-01,-4.658275299573474513e+02
4.167262330235882994e-01,7.714563663995681608e-01,8.365497365056094869e-01,1.269447940873955076e+03
4.174410293066476152e-01,7.726879833560009736e-01,8.387914984501889659e-01,3.073346787356564960e+02
4.181558255897069309e-01,7.735699849474984013e-01,8.412009154821671331e-01,-5.535158728325309312e+02
4.188706218727662467e-01,7.750591281474402683e-01,8.433193514961847548e-01,1.189629413944291372e+02
4.195854181558256180e-01,7.758780313099773451e-01,8.457589910154335033e-01,-9.248935993322833227e+00
4.203002144388849337e-01,7.767333254878792115e-01,8.481812661488603577e-01,-1.025931312897406684e+02
4.210150107219442495e-01,7.781858050883909694e-01,8.503171897126606815e-01,4.993612197854944270e+02
4.217298070050035652e-01,7.790287727894595893e-01,8.527454200848296750e-01,-3.991920246584517145e+02
4.224446032880629365e-01,7.803913522711116713e-01,8.549244546991994209e-01,5.989921345009809528e+01
4.231593995711222522e-01,7.813458792659356833e-01,8.572991963191667342e-01,6.133166233256051925e+01
4.238741958541815680e-01,7.820712926375092966e-01,8.597836842335975227e-01,-1.670734817691794944e+02
4.245889921372408837e-01,7.835811898129928510e-01,8.618922062324800848e-01,4.549725242223419741e+02
4.253037884203001995e-01,7.838010104669727030e-01,8.646191242592394799e-01,-5.916366797633986607e+02
4.260185847033595707e-01,7.857033459052464863e-01,8.665394300241626713e-01,1.507538925601116944e+03
4.267333809864188865e-01,7.867646920547237688e-01,8.688629349844074756e-01,8.509274219570815490e+01
4.274481772694782022e-01,7.874072521066178831e-01,8.713870160307619628e-01,-2.434259094565557859e+02
4.281629735525375180e-01,7.890294897728846735e-01,8.734415952570535602e-01,5.958390295460626476e+02
4.288777698355968893e-01,7.891717247075230590e-01,8.762056657996125653e-01,-6.843950830207415947e+02
4.295925661186562050e-01,7.911027066449145551e-01,8.781122904793645656e-01,1.166762726750898310e+03
4.303073624017155208e-01,7.910901046471251474e-01,8.809505941936227602e-01,-1.174236926869515173e+03
4.310221586847748365e-01,7.929767124597190131e-01,8.828784824334336978e-01,5.478601166256704573e+02
4.317369549678341523e-01,7.932071320172486839e-01,8.856001611714715560e-01,-4.537008778788352856e+02
4.324517512508935235e-01,7.947137792865220929e-01,8.877101541573337862e-01,1.648788574020790065e+02
4.331665475339528393e-01,7.954446007452961043e-01,8.901921172238409508e-01,-5.796956677912529443e+01
4.338813438170121550e-01,7.963945474347480236e-01,8.925689533233575057e-01,-6.805346498715124426e+01
4.345961401000714708e-01,7.977185808244292575e-01,8.947665685334128538e-01,3.105069892131678557e+02
4.353109363831308420e-01,7.982126248562366744e-01,8.973620165811045934e-01,-2.491090652542510853e+01
4.360257326661901578e-01,7.986218099419557515e-01,8.999980499443205328e-01,-4.076360349200317046e+02
4.367405289492494735e-01,8.000305148287031320e-01,9.021550111709105702e-01,-6.699020173946902901e+01
4.374553252323087893e-01,7.999204050941757238e-01,9.050398848713728794e-01,-8.468049661946856759e+02
4.381701215153681050e-01,8.018536637988380456e-01,9.069454409351677127e-01,9.746475948316631275e+02
4.388849177984274763e-01,8.017646724398364011e-01,9.098202879217582861e-01,1.225701049712690462e+02
4.395997140814867921e-01,8.031016454874418953e-01,9.120116145107268757e-01,3.348587160217883820e+02
4.403145103645461078e-01,8.035706635040127388e-01,9.146189678178966442e-01,-8.103051811916342828e+00
4.410293066476054236e-01,8.040119610207836498e-01,9.172396094946964062e-01,-3.681893798797080422e+02
4.417441029306647948e-01,8.053873834184547276e-01,9.194125812301378042e-01,-5.055609143244542025e+01
4.424588992137241106e-01,8.053611764551085184e-01,9.222574111082681991e-01,1.183655935366478040e+01
4.431736954967834263e-01,8.053793344624718964e-01,9.250808514654829118e-01,1.809241326065425710e+02
4.438884917798427421e-01,8.062009109277274987e-01,9.275193134354635660e-01,-3.220411175275975779e+01
4.446032880629020578e-01,8.071259799098892129e-01,9.299080781798427786e-01,-1.969385461068835355e+02
4.453180843459614291e-01,8.071418125989617831e-01,9.327327514026925170e-01,-1.597990107491364498e+01
4.460328806290207448e-01,8.071427714343319959e-01,9.355645394137818149e-01,-9.885255646486776904e-01
4.467476769120800606e-01,8.071426437168559564e-01,9.383966231679107262e-01,3.495362042663916036e+00
4.474624731951393763e-01,8.071412250564918844e-01,9.412282106273264226e-01,6.114383216519713926e+01
4.481772694781987476e-01,8.071365295515214866e-01,9.440581080449332863e-01,1.320882347218504265e+03
4.488920657612580634e-01,8.052639670487741208e-01,9.459926964233357216e-01,-4.705038633270693822e+02
4.496068620443173791e-01,8.054200253481108573e-01,9.488996224583501338e-01,1.192675497427377564e+02
4.503216583273766949e-01,8.037955095371700498e-01,9.509530552257187130e-01,-6.546594403756893144e+02
4.510364546104360106e-01,8.036888314590341365e-01,9.537340536739663532e-01,8.190882049696361946e+02
4.517512508934953819e-01,8.017602034184664328e-01,9.556417687967722063e-01,-1.118284723635879800e+03
4.524660471765546976e-01,8.005269741936421601e-01,9.578829674620560342e-01,-2.974346736686952113e+02
4.531808434596140134e-01,7.997307618278443053e-01,9.603339388819376321e-01,7.112889529271940319e+02
4.538956397426733291e-01,7.972371567656661995e-01,9.619677533056174568e-01,-9.655947366817127886e+01
4.546104360257327004e-01,7.951021424321123021e-01,9.637890279661145421e-01,3.766849788332527282e+01
4.553252323087920161e-01,7.928801136217080714e-01,9.655432487334311142e-01,-1.564388757878969329e+02
4.560400285918513319e-01,7.905645673037537957e-01,9.670114501247726313e-01,2.313093309847155297e+02
4.567548248749106476e-01,7.880960405438243166e-01,9.680438463681636518e-01,2.927642173550170241e+02
4.574696211579699634e-01,7.854420537610476982e-01,9.685503044004495354e-01,-7.271073464883694442e+02
4.581844174410293347e-01,7.831236670060670590e-01,9.700103954206685808e-01,3.456436216867735425e+02
4.588992137240886504e-01,7.802596586865674366e-01,9.699201160659407517e-01,-6.692049046885974803e+02
4.596140100071479662e-01,7.779507039743538410e-01,9.714065630684629582e-01,3.544993312817390461e+02
4.603288062902072819e-01,7.750847926902831864e-01,9.713107130241463993e-01,2.016536130916677223e+02
4.610436025732666532e-01,7.724539071730613937e-01,9.718825439938149069e-01,-1.000531194265798831e+02
4.617583988563259689e-01,7.699350809527053530e-01,9.727730917824130019e-01,-4.095114510271835684e+01
4.624731951393852847e-01,7.670938741913455594e-01,9.727485561235372780e-01,2.391617975681002051e+01
4.631879914224446004e-01,7.642591483457279455e-01,9.727405292120238078e-01,-8.853547631748838853e+00
4.639027877055039717e-01,7.614372675565915793e-01,9.727109356480715396e-01,-9.296106067168447851e+01
4.646175839885632874e-01,7.586495309860219471e-01,9.725850708300988190e-01,5.278132446207574731e+02
4.653323802716226032e-01,7.563037404069947733e-01,9.712031814894975801e-01,-2.452272021281634409e+02
4.660471765546819189e-01,7.534362863175249059e-01,9.713035949878773279e-01,-5.446942095364377678e+01
4.667619728377412347e-01,7.506130895160715299e-01,9.712780851159392714e-01,-1.039901052942578303e+02
4.674767691208006060e-01,7.478482337918940237e-01,9.710869736339593494e-01,4.365437511612794879e+02
4.681915654038599217e-01,7.454781752905635939e-01,9.697739623679584309e-01,-1.953182879402553738e+02
4.689063616869192375e-01,7.426162805683055312e-01,9.698585786353218774e-01,-2.540709696523738259e+01
4.696211579699785532e-01,7.397440041038261249e-01,9.699725542114748800e-01,4.788389338295922926e+02
4.703359542530379245e-01,7.374587804725133422e-01,9.684183660988939790e-01,-7.504050635327249665e+02
4.710507505360972402e-01,7.345709160393623094e-01,9.685763916949823304e-01,4.347415168465943793e+02
4.717655468191565560e-01,7.322766006907315273e-01,9.670482007701156624e-01,-8.777598859919917231e+02
4.724803431022158717e-01,7.296306531864040767e-01,9.665191831903611197e-01,2.095769374984921853e+02
4.731951393852751875e-01,7.271574540020523392e-01,9.654992778204969373e-01,-9.843552849831570484e+01
4.739099356683345587e-01,7.244393510421016646e-01,9.651753133403129237e-01,2.302963226589897658e+02
4.746247319513938745e-01,7.220085258168558173e-01,9.640350311911580761e-01,-1.744375196143652147e+02
4.753395282344531902e-01,7.192414760889633829e-01,9.638501400152413856e-01,3.416627323913045871e+02
4.760543245175125060e-01,7.168050446729941072e-01,9.627257447135235680e-01,1.494318632513397063e+02
4.767691208005718773e-01,7.144622351823258777e-01,9.613352143447968512e-01,-8.735979570296303791e+02
4.774839170836311930e-01,7.118242049778639169e-01,9.607835757970552004e-01,2.048312573227543965e+02
4.781987133666905088e-01,7.093127309054610974e-01,9.598722580665314252e-01,4.873369896544007815e+02
4.789135096497498245e-01,7.070140008497353135e-01,9.583564906105078718e-01,-8.591719512575435829e+02
4.796283059328091403e-01,7.043581280351420837e-01,9.578555825392756073e-01,2.812126246582291742e+02
4.803431022158685115e-01,7.022839330186598783e-01,9.557019615677946334e-01,-5.227514250178716111e+02
4.810578984989278273e-01,6.995750126191238039e-01,9.553517372741636704e-01,5.295980023500760581e+02
4.817726947819871430e-01,6.974153844557420268e-01,9.534408976807640101e-01,-2.334628762919799883e+01
4.824874910650464588e-01,6.952600229656294983e-01,9.515176871803463499e-01,-3.963428679063904383e+02
4.832022873481058300e-01,6.925624112494458418e-01,9.511354785488126407e-01,6.172061764805098392e+02
4.839170836311651458e-01,6.904556514401267719e-01,9.490741985378866596e-01,-1.927802868733972730e+02
4.846318799142244615e-01,6.878675993785708931e-01,9.483803419486485087e-01,3.401776023524960806e+02
4.853466761972837773e-01,6.855999299418514825e-01,9.467765101441357745e-01,-3.155656985474146481e+01
4.860614724803430930e-01,6.832294480727669761e-01,9.454647392515093118e-01,-1.141791634314561321e+02
4.867762687634024643e-01,6.807371158207771167e-01,9.444993325463290068e-01,1.111238882981756433e+02
4.874910650464617801e-01,6.785695900696305793e-01,9.426108944189991456e-01,-6.869687745661077543e+02
4.882058613295210958e-01,6.759110846925696636e-01,9.421176275931876232e-01,2.576301849683584351e+02
4.889206576125804116e-01,6.737743089973998734e-01,9.401418388965948614e-01,-5.148992218857360825e+01
4.896354538956397828e-01,6.715464837678808419e-01,9.384245027799665850e-01,1.346542015355262834e+02
4.903502501786990986e-01,6.692722276580305163e-01,9.368393813789868130e-01,-3.698573026926913485e+02
4.910650464617584143e-01,6.666989096574286178e-01,9.361036575134592530e-01,1.166451699912435060e+02
4.917798427448177301e-01,6.645397837802520247e-01,9.341911696859926950e-01,1.365401186519115129e+01
4.924946390278770458e-01,6.623289098538415187e-01,9.324259884472240190e-01,-4.149188666187316521e+00
4.932094353109364171e-01,6.601088707201285821e-01,9.306867785077129751e-01,3.009168329616082715e+01
4.939242315939957328e-01,6.579704516113412671e-01,9.287156203346939032e-01,-2.850547783537621740e+02
4.946390278770550486e-01,6.553016754540287314e-01,9.282512120931097899e-01,7.429591063255691097e+02
4.953538241601143643e-01,6.531173425067787752e-01,9.264106638804152638e-01,-1.133413546838639263e+02
4.960686204431737356e-01,6.508897308769027168e-01,9.246930066313092667e-01,2.171330019029806380e+01
4.967834167262330514e-01,6.486914493376144675e-01,9.228920143054369918e-01,-3.234147269060479601e+01
4.974982130092923671e-01,6.464766055073867257e-01,9.211381560110371014e-01,1.482521529935898172e+02
4.982130092923516829e-01,6.441773411627005341e-01,9.196240346699424695e-01,-2.932344565800623286e+02
4.989278055754109986e-01,6.416299351690243347e-01,9.188150918118624944e-01,8.642590680948400461e+01
4.996426018584703699e-01,6.394650115615615471e-01,9.169193902268697460e-01,2.292143319244170740e+01
5.003573981415296856e-01,6.372559854156211179e-01,9.151488740069270156e-01,-5.860249884252278108e+00
5.010721944245890569e-01,6.350342113081396400e-01,9.134146087411452175e-01,3.925493403382116497e+01
5.017869907076483171e-01,6.328977080743375394e-01,9.114378545081015526e-01,-3.283782403316557748e+02
5.025017869907076884e-01,6.302160881011470428e-01,9.110097986006646664e-01,7.109049655429334962e+02
5.032165832737669486e-01,6.280445134808804175e-01,9.091331295928666290e-01,-1.057500274076444811e+02
5.039313795568263199e-01,6.258162829716151787e-01,9.074141343865714804e-01,1.651586187968134922e+01
5.046461758398856912e-01,6.236174421768934106e-01,9.056258511146340062e-01,-1.207494853490828746e+01
5.053609721229449514e-01,6.214066513766626221e-01,9.038545249543847859e-01,6.101409757982458615e+01
5.060757684060043227e-01,6.190870024221540868e-01,9.021343210013130776e-01,2.991292205966343332e+01
5.067905646890635829e-01,6.178856582232236105e-01,8.998780346632766491e-01,-4.707331745181402880e+02
5.075053609721229542e-01,6.158721268050794118e-01,8.980110699150445353e-01,1.731607368027832194e+02
5.082201572551823254e-01,6.137083797009591501e-01,8.962160630481417201e-01,-3.613582128955489736e+01
5.089349535382415857e-01,6.114814781342592376e-01,8.944513542897132297e-01,4.133067265022553727e+00
5.096497498213009569e-01,6.092764886348743802e-01,8.926761275617588476e-01,3.435336072942926755e+00
5.103645461043602172e-01,6.070680743334636587e-01,8.909025996968357175e-01,-1.344220005851946098e+01
5.110793423874195884e-01,6.048945418010395203e-01,8.891122736493380918e-01,-2.097982124193048747e+01
5.117941386704789597e-01,6.024424528738029361e-01,8.874554879352983816e-01,2.874909122875171761e+02
5.125089349535382199e-01,6.016937590072286568e-01,8.849822765766228727e-01,-9.906251916291683983e+02
5.132237312365975912e-01,5.992967335770108539e-01,8.832990995460161532e-01,1.249334495731612833e+02
5.139385275196569625e-01,5.971613043501727836e-01,8.814905383699528363e-01,-1.490729319279206777e+01
5.146533238027162227e-01,5.949393110194032275e-01,8.797235138285576239e-01,-6.863581557203110028e-01
5.153681200857755940e-01,5.927326215604606929e-01,8.779490715028667180e-01,2.792491070823022725e-01
5.160829163688348542e-01,5.905277973424579718e-01,8.761738269169001558e-01,-2.197624773533262132e+00
5.167977126518942255e-01,5.883016862056826835e-01,8.744086819891543350e-01,2.591076742008494449e+01
5.175125089349535967e-01,5.861601587119380508e-01,8.726030726409346183e-01,-1.543221723531873977e+02
5.182273052180128570e-01,5.839219318833800410e-01,8.708437810507908550e-01,1.018238363644135461e+03
5.189421015010722282e-01,5.829792453978852595e-01,8.684635420831118280e-01,-1.358940863261433378e+02
5.196568977841314885e-01,5.805882280058266565e-01,8.667774850764556893e-01,-1.913710214479749894e+01
5.203716940671908597e-01,5.783917385646089038e-01,8.649981796958426949e-01,5.418120221271728987e+00
5.210864903502502310e-01,5.762302458927711646e-01,8.632021440448677252e-01,-4.176420383082221122e+01
5.218012866333094912e-01,5.737593281166878389e-01,8.615543828465864751e-01,3.697614966434614416e+02
5.225160829163688625e-01,5.730551784559589912e-01,8.590598263185331707e-01,-8.731960529340962012e+02
5.232308791994281227e-01,5.706736729237591454e-01,8.573692359707275612e-01,5.228680138339675665e+01
5.239456754824874940e-01,5.682635096191611668e-01,8.556923578417541254e-01,4.949764700313338039e+02
5.246604717655468653e-01,5.675853123708576309e-01,8.531850869493838863e-01,-6.760568124992427101e+02
5.253752680486061255e-01,5.651786632946452782e-01,8.515065275995570282e-01,4.044756232758485448e-02
5.260900643316654968e-01,5.627720040558855663e-01,8.498279812931713861e-01,6.757627546080507273e+02
5.268048606147248680e-01,5.620939465668842727e-01,8.473208978354515031e-01,-4.952308568005427674e+02
5.275196568977841283e-01,5.596841309317247548e-01,8.456438523204228286e-01,-5.275340003358317631e+01
5.282344531808434995e-01,5.573013824401062966e-01,8.439538895894641568e-01,8.777637427756613988e+02
5.289492494639027598e-01,5.565853496046009319e-01,8.414649984898895374e-01,-3.490384420795068081e+02
5.296640457469621310e-01,5.541878314060691979e-01,8.397820686772633492e-01,-1.035874872314700355e+02
5.303788420300215023e-01,5.518550610330839046e-01,8.380680909911125687e-01,1.055274038266001071e+03
5.310936383130807625e-01,5.510630474810011004e-01,8.356156448519773683e-01,-2.339794000068421553e+02
5.318084345961401338e-01,5.486880159103020294e-01,8.339219239715569554e-01,-1.505486496755368080e+02
5.325232308791993940e-01,5.464365685860970157e-01,8.321689431699351713e-01,1.134660134089341682e+03
5.332380271622587653e-01,5.455295717380148623e-01,8.297716407930306737e-01,-1.400686283877220717e+02
5.339528234453181366e-01,5.431857813399275647e-01,8.280629877115984749e-01,-2.018071302753721739e+02
5.346676197283773968e-01,5.410547825184991444e-01,8.262522691392036878e-01,7.678433305966689204e+02
5.353824160114367681e-01,5.397869921818225780e-01,8.240278987399535238e-01,3.240197151835411660e+02
5.360972122944960283e-01,5.390298846581574876e-01,8.215586986297611638e-01,-7.368634573911859889e+02
5.368120085775553996e-01,5.363017691477024451e-01,8.200342342305064758e-01,3.840534925954630694e+02
5.375268048606147708e-01,5.356231871074254025e-01,8.175273759587254885e-01,-9.121299075191022894e+02
5.382416011436740311e-01,5.330355772944889159e-01,8.159355927310322221e-01,2.229041194153154777e+02
5.389563974267334023e-01,5.321571752998132121e-01,8.135245151810849285e-01,-1.443714618958472101e+03
5.396711937097927736e-01,5.302995083109517394e-01,8.115828389663943820e-01,4.177516963016642535e+02
5.403859899928520338e-01,5.290015925424507159e-01,8.093728964728097441e-01,-8.072570689144062328e+01
5.411007862759114051e-01,5.267667781499397739e-01,8.076119684079470229e-01,6.867306942620244854e+02
5.418155825589706653e-01,5.257818896896002681e-01,8.052519836650992024e-01,-1.832045971228479857e+02
5.425303788420300366e-01,5.232690085512619049e-01,8.036242963434132580e-01,9.590365711971470546e+02
5.432451751250894079e-01,5.225377712973192645e-01,8.011427715893387758e-01,-3.247468803645552953e+02
5.439599714081486681e-01,5.198583815923072393e-01,7.995948670866375174e-01,7.472928141617391020e+02
5.446747676912080394e-01,5.192470430701284778e-01,7.970558730303499706e-01,-5.355942941123363426e+02
5.453895639742672996e-01,5.165209565717308049e-01,7.955303747061766018e-01,4.851453365363157104e+02
5.461043602573266709e-01,5.158976129551076095e-01,7.929971467664714835e-01,-8.033077944478413883e+02
5.468191565403860421e-01,5.132223250577929718e-01,7.914473584745305157e-01,3.043721063412405101e+02
5.475339528234453024e-01,5.124420806219670554e-01,7.889892232153501439e-01,-1.365127381253392059e+03
5.482487491065046736e-01,5.107109295508931446e-01,7.869869391996190400e-01,4.804798721164376474e+01
5.489635453895640449e-01,5.090213287694869138e-01,7.849646672178415274e-01,1.312671211122370778e+03
5.496783416726233051e-01,5.080002029437267197e-01,7.826220675296021723e-01,2.580103226365588043e+01
5.503931379556826764e-01,5.070096464309130635e-01,7.802647340293998868e-01,-1.148487238747382435e+03
5.511079342387419366e-01,5.053704682744325494e-01,7.782183575754372251e-01,-1.453565931246025116e+02
5.518227305218013079e-01,5.035969444639918358e-01,7.762363804149829960e-01,1.497034158557032015e+03
5.525375268048606792e-01,5.027901517680055665e-01,7.737910047683282944e-01,-2.791527489893668417e+02
5.532523230879199394e-01,5.001230405800123346e-01,7.722372832506534390e-01,9.434199992397875576e+02
5.539671193709793107e-01,4.992537086773655708e-01,7.698218817941190339e-01,-1.001033781448316375e+02
5.546819156540385709e-01,4.981830932294143977e-01,7.675029660109503604e-01,-1.572693026283357085e+03
5.553967119370979422e-01,4.964156818079703548e-01,7.655180269070298582e-01,1.230396110013296465e+02
5.561115082201573134e-01,4.947628003756163739e-01,7.634781891215848271e-01,1.201264192282444128e+03
5.568263045032165737e-01,4.937627172065400250e-01,7.611254619280856115e-01,-9.226952689263773877e+00
5.575411007862759449e-01,4.927517010487125204e-01,7.587779779523486923e-01,-1.260612464793129220e+03
5.582558970693352052e-01,4.910809107877884827e-01,7.567467575387862855e-01,-8.834717551943353442e+01
5.589706933523945764e-01,4.893270761917103417e-01,7.547553266600626198e-01,1.537470399630702559e+03
5.596854896354539477e-01,4.882509258309182254e-01,7.524390266342786404e-01,1.052750722851033913e+02
5.604002859185132079e-01,4.872970201331191520e-01,7.500642247248131556e-01,-9.096918278637367621e+02
5.611150822015725792e-01,4.857437155357998693e-01,7.479766110363098575e-01,-3.187593367131001969e+02
5.618298784846319505e-01,4.839175167649007459e-01,7.460198715965498106e-01,1.548629625881261973e+03
5.625446747676912107e-01,4.827470407550077391e-01,7.437487814951562193e-01,2.277091377880118728e+02
5.632594710507505820e-01,4.818511995131360970e-01,7.413461593492656210e-01,-6.743258299060144054e+02
5.639742673338098422e-01,4.802816971468251706e-01,7.392663624798818667e-01,1.648614074973659456e+02
5.646890636168692135e-01,4.795556437697010566e-01,7.367822902548660791e-01,-5.729083312254711302e+01
5.654038598999285847e-01,4.786045247122361346e-01,7.344060977619716324e-01,-6.953284511809502533e+01
5.661186561829878450e-01,4.773010002526357209e-01,7.321988332681078626e-01,2.702977897263922387e+02
5.668334524660472162e-01,4.769055767158814074e-01,7.295562860244728665e-01,-3.863888344711966170e+02
5.675482487491064765e-01,4.750943098790654240e-01,7.275923763957614643e-01,1.226148436245563062e+03
5.682630450321658477e-01,4.741444721385166261e-01,7.252155856061636152e-01,-4.791872936021578511e+01
5.689778413152252190e-01,4.732723458724206189e-01,7.228015515829742110e-01,-1.356405034449017819e+02
5.696926375982844792e-01,4.718436901931720717e-01,7.206542601414615001e-01,3.718921533022203789e+02
5.704074338813438505e-01,4.715553255881020922e-01,7.179604058018831392e-01,-4.980677206555371868e+02
5.711222301644031107e-01,4.696838011195520468e-01,7.160253558146181252e-01,1.419126624038611908e+03
5.718370264474624820e-01,4.686739937942199230e-01,7.136773016864993435e-01,2.884754014272719758e+01
5.725518227305218533e-01,4.679364995748504508e-01,7.111987176010641232e-01,-1.952015612600228280e+02
5.732666190135811135e-01,4.663924653596457914e-01,7.091067115464478876e-01,4.913062298072973704e+02
5.739814152966404848e-01,4.661982301730712153e-01,7.063677660874041475e-01,-6.307803352152146772e+02
5.746962115796998560e-01,4.642870233435548721e-01,7.044517400303658139e-01,1.525592417453327016e+03
5.754110078627591163e-01,4.632040665903373045e-01,7.021387831066914220e-01,1.074781364277041860e+02
5.761258041458184875e-01,4.625973671304143831e-01,6.995974943964102799e-01,-2.634239777955438058e+02
5.768406004288777478e-01,4.609470266827903617e-01,6.975564496381860824e-01,6.376352459604659089e+02
5.775553967119371190e-01,4.608253725974227333e-01,6.947827034912739119e-01,-7.235997317644156510e+02
5.782701929949964903e-01,4.588862101978209984e-01,6.928800735031844793e-01,1.134238996854924380e+03
5.789849892780557505e-01,4.588947251420996132e-01,6.900439664164438325e-01,-1.128006366037611087e+03
5.796997855611151218e-01,4.570231747486239726e-01,6.881089579197327000e-01,5.154288670964451740e+02
5.804145818441743820e-01,4.567673651819149638e-01,6.853994858238038335e-01,-4.207655200786227851e+02
5.811293781272337533e-01,4.552918646966618854e-01,6.832746439163803753e-01,1.484765676318994849e+02
5.818441744102931246e-01,4.545256821454206619e-01,6.808098128552398931e-01,-3.880280399751637788e+01
5.825589706933523848e-01,4.536113839423399630e-01,6.784159787357426641e-01,-8.490360861583155838e+01
5.832737669764117561e-01,4.522713445777823971e-01,6.762261913379208345e-01,2.991558306550836619e+02
5.839885632594710163e-01,4.519028874151261865e-01,6.735707672732842433e-01,-4.015834124518722774e+02
5.847033595425303876e-01,4.500971179138298917e-01,6.716041845256069953e-01,1.027203456829944344e+03
5.854181558255897588e-01,4.499892126793343383e-01,6.688238855716346354e-01,2.171720908022574577e+02
5.861329521086490191e-01,4.490944997632159708e-01,6.664206610948796294e-01,8.390630802349809514e+00
5.868477483917083903e-01,4.482251391629729076e-01,6.640052840057442118e-01,-2.076586308852218110e+02
5.875625446747677616e-01,4.480995166423215603e-01,6.612334731217052175e-01,-9.880770780818087360e+02
5.882773409578270218e-01,4.463474154423473506e-01,6.592411421860914222e-01,2.461067880004491997e+02
5.889921372408863931e-01,4.465153577680538444e-01,6.563286630548614831e-01,-3.091606358544873956e+02
5.897069335239456533e-01,4.447196655104083129e-01,6.543572123932590578e-01,1.106413301140628164e+03
5.904217298070050246e-01,4.446330080022137810e-01,6.515667717113863278e-01,2.328267525256073895e+02
5.911365260900643959e-01,4.436986079781127246e-01,6.491825255480729862e-01,3.404549520210195368e+01
5.918513223731236561e-01,4.428681399380715589e-01,6.467485521032514395e-01,-1.915194876632849628e+02
5.925661186561830274e-01,4.427175919048653152e-01,6.439886186575307647e-01,-9.169291123270601247e+02
5.932809149392422876e-01,4.409943162987007281e-01,6.419825428006353807e-01,2.103066055486897881e+02
5.939957112223016589e-01,4.411609187368632501e-01,6.390706248058156680e-01,-3.503289535723237691e+02
5.947105075053610301e-01,4.393412610824962150e-01,6.371107899473953395e-01,1.176881050568708133e+03
5.954253037884202904e-01,4.392769625744882833e-01,6.343095162830075795e-01,2.470780210367066729e+02
5.961401000714796616e-01,4.383027003595847404e-01,6.319444605688977479e-01,6.007799462368711829e+01
5.968548963545389219e-01,4.375108313619384126e-01,6.294919077680670716e-01,-1.747419596037654799e+02
5.975696926375982931e-01,4.373344427234078236e-01,6.267444031541684613e-01,-8.474805169523465338e+02
5.982844889206576644e-01,4.356415810019177992e-01,6.247237243521978067e-01,1.762294049661790609e+02
5.989992852037169246e-01,4.358054205410176185e-01,6.218131660630892288e-01,-3.921420315871092157e+02
5.997140814867762959e-01,4.339649614788211318e-01,6.198632377078522326e-01,1.222688208819795818e+03
6.004288777698356672e-01,4.339316938178904848e-01,6.170471583882248812e-01,6.238921510022478856e+01
6.011436740528949274e-01,4.339150243809261620e-01,6.142231112534265458e-01,2.064023511096568200e+02
6.018584703359542987e-01,4.329433234378229911e-01,6.118567424930244636e-01,6.101560057205956866e+01
6.025732666190135589e-01,4.321654904883851511e-01,6.093975427952522672e-01,-1.736047931242500226e+02
6.032880629020729302e-01,4.321331302290291609e-01,6.065809651513791589e-01,-1.265504227040711882e+01
6.040028591851323014e-01,4.319980100468236439e-01,6.038137473179396864e-01,-8.887410947841094639e+02
6.047176554681915617e-01,4.302809705181294686e-01,6.018045910261425879e-01,2.048184635357644368e+02
6.054324517512509329e-01,4.304469670945526016e-01,5.988930388479536404e-01,-3.560323635268827047e+02
6.061472480343101932e-01,4.286242663091603400e-01,5.969345635622316237e-01,1.185830271810296836e+03
6.068620443173695644e-01,4.285629317607460020e-01,5.941319360819848905e-01,2.477129037452747582e+02
6.075768406004289357e-01,4.275876530142582732e-01,5.917673227075375131e-01,5.821395623148831078e+01
6.082916368834881959e-01,4.268129379405160018e-01,5.893065724328160337e-01,-1.740674766533533386e+02
6.090064331665475672e-01,4.268298334580826747e-01,5.864664626853600682e-01,-1.746353148463794724e+01
6.097212294496068274e-01,4.253717831660844273e-01,5.843332699966428123e-01,4.495201959581698361e+02
6.104360257326661987e-01,4.250203910160762488e-01,5.816696305264378308e-01,-6.693590295762128051e+01
6.111508220157255700e-01,4.249759203542937125e-01,5.788588730075675537e-01,1.069536960993445405e+02
6.118656182987848302e-01,4.244874905635809270e-01,5.762609644285321409e-01,-2.873841555396779768e+02
6.125804145818442015e-01,4.231956341494340634e-01,5.740480378795812522e-01,-1.097184375399719869e+02
6.132952108649035727e-01,4.232168794548397117e-01,5.712058871982871322e-01,-6.665707728585148573e+01
6.140100071479628330e-01,4.232827434207205863e-01,5.683422156944584192e-01,-9.978152792600575367e+02
6.147248034310222042e-01,4.213481531313402750e-01,5.664374374663311285e-01,8.271110832741252352e+02
6.154395997140814645e-01,4.214601304158235862e-01,5.635516844180916696e-01,6.008641938917311620e+01
6.161543959971408357e-01,4.200460040254964666e-01,5.613974477417293940e-01,4.081459004863919517e+02
6.168691922802002070e-01,4.196643543166565515e-01,5.587483073226202634e-01,-7.621295974088012315e+01
6.175839885632594672e-01,4.196193887081516305e-01,5.559377898621195024e-01,9.851849012843659636e+01
6.182987848463188385e-01,4.191614999693880073e-01,5.533252649751295715e-01,-3.189317294047428391e+02
6.190135811293780987e-01,4.178332501396374021e-01,5.511297639229191248e-01,-8.024500538982110243e+01
6.197283774124374700e-01,4.178537417288773481e-01,5.482879634001973645e-01,9.923301814642632834e+00
6.204431736954968413e-01,4.178368860668495444e-01,5.454639510311184436e-01,1.874229831556006900e+02
6.211579699785561015e-01,4.169732665901230151e-01,5.430458127009112346e-01,-6.272042145313435846e+00
6.218727662616154728e-01,4.160927665901556494e-01,5.406356423124412114e-01,-1.847325745764460976e+02
6.225875625446747330e-01,4.160968230497409381e-01,5.378000959493420829e-01,4.769690017301188334e+01
6.233023588277341043e-01,4.148170900382514570e-01,5.356285700849872100e-01,2.625149052928529159e+02
6.240171551107934755e-01,4.149711251162450654e-01,5.331337937290877571e-01,1.803353522420043191e+02
6.247319513938527358e-01,4.148140020322628185e-01,5.320254582838651602e-01,-6.615857841952581566e+02
6.254467476769121070e-01,4.144345026489490991e-01,5.335701321968198130e-01,-5.764404280658150128e+02
6.261615439599714783e-01,4.140741703623111447e-01,5.297175041073639568e-01,-8.592386647010791023e+01
6.268763402430307385e-01,4.130888622020800760e-01,5.269931143703504572e-01,2.889791105012276162e+01
6.275911365260901098e-01,4.124595604880893496e-01,5.246653068854534308e-01,1.331092919495140734e+02
6.283059328091493700e-01,4.125054219494919683e-01,5.217903757847907054e-01,-3.200768309078164009e+01
6.290207290922087413e-01,4.125043740130693859e-01,5.189610352833264884e-01,-8.606504948715658188e+00
6.297355253752681126e-01,4.125506097417399043e-01,5.161069682689294336e-01,-4.467139536172806658e+01
6.304503216583273728e-01,4.110417741506037226e-01,5.139981255211010236e-01,5.131023996390420052e+02
6.311651179413867441e-01,4.107347923880098617e-01,5.113132012726187003e-01,-6.221337555163638910e+01
6.318799142244460043e-01,4.107139715243622313e-01,5.084911053669102232e-01,3.926231484539208338e+00
6.325947105075053756e-01,4.106884267455104820e-01,5.056713321688021123e-01,1.161463274114250623e+02
6.333095067905647468e-01,4.101856201185949957e-01,5.030802392889571761e-01,-2.716204514808468957e+02
6.340243030736240071e-01,4.089123273179650631e-01,5.008585359897634870e-01,-1.226115521234404468e+02
6.347390993566833783e-01,4.089310176394030383e-01,4.980174918459139288e-01,-6.871318225767426213e+01
6.354538956397426386e-01,4.089929573557021802e-01,4.951557669608986911e-01,-1.022916469646564906e+03
6.361686919228020098e-01,4.070569305692352535e-01,4.932516206610814691e-01,8.113388062180139286e+02
6.368834882058613811e-01,4.071399044732644801e-01,4.903798060941287895e-01,5.241300827624750269e+01
6.375982844889206413e-01,4.071768304448776798e-01,4.875300850427833343e-01,3.374978050832288545e+01
6.383130807719800126e-01,4.057756243367286464e-01,4.853696351438167578e-01,3.891806836074526927e+02
6.390278770550393839e-01,4.053807513023867104e-01,4.827268175806649353e-01,-8.798785889426594053e+01
6.397426733380986441e-01,4.053571305088436993e-01,4.799061162346057174e-01,2.589716552550427875e-01
6.404574696211580154e-01,4.053331955499006045e-01,4.770855652851097028e-01,9.155332942864316692e+01
6.411722659042172756e-01,4.049253933485160162e-01,4.744489399282270647e-01,-3.734203823179553297e+02
6.418870621872766469e-01,4.035393432392465618e-01,4.722812225078389381e-01,-4.132546072641520141e+01
6.426018584703360181e-01,4.035686190508026572e-01,4.694351499849209741e-01,-4.001847175344392382e-01
6.433166547533952784e-01,4.035695870621828774e-01,4.666026516290295301e-01,1.355093481167621761e+01
6.440314510364546496e-01,4.035476270128489085e-01,4.637810925710148524e-01,1.722813823279848009e+02
6.447462473195139099e-01,4.027780109581445833e-01,4.613179425122141408e-01,-6.572556299648762490e+01
6.454610436025732811e-01,4.017991172299838487e-01,4.589550923211030975e-01,-2.042411423876908714e+02
6.461758398856326524e-01,4.017865287685716824e-01,4.561290361101904556e-01,-1.597950265800938041e+01
6.468906361686919126e-01,4.017863660134357029e-01,4.532970817336545721e-01,1.279220253768398585e+01
6.476054324517512839e-01,4.017898721897282255e-01,4.504633688989810314e-01,1.918936256237101645e+02
6.483202287348105441e-01,4.006171144627317937e-01,4.481934230825658227e-01,1.943971791853327034e+02
6.490350250178699154e-01,4.000264214768150528e-01,4.456444682376949906e-01,-1.366075161784286536e+02
6.497498213009292867e-01,4.000005625816347998e-01,4.428248400809770557e-01,-7.145028293744785763e+00
6.504646175839885469e-01,3.999828423939827959e-01,4.400013085605645746e-01,3.891652768546409646e+01
6.511794138670479182e-01,3.997473659157358972e-01,4.372820838720242187e-01,-6.415384099825085968e+02
6.518942101501072894e-01,3.981499563865096292e-01,4.352156675600217239e-01,1.124483762100930733e+02
6.526090064331665497e-01,3.982098065527202579e-01,4.323549622857833508e-01,9.418886386466093441e+00
6.533238027162259209e-01,3.982210037326475160e-01,4.295175395426766851e-01,-3.572605825615408293e+01
6.540385989992851812e-01,3.983129889251217914e-01,4.266414136181517214e-01,-4.695125555126895165e+02
6.547533952823445524e-01,3.964435313375045400e-01,4.247053848997492387e-01,1.287193626512153287e+03
6.554681915654039237e-01,3.964308378678269018e-01,4.218794359057070342e-01,5.731400534047384099e+01
6.561829878484631839e-01,3.964280933133941254e-01,4.190486607274288566e-01,2.012780111210982525e+01
6.568977841315225552e-01,3.964153057681715775e-01,4.162227605738287872e-01,2.047132494792789714e+02
6.576125804145818154e-01,3.954349162724556943e-01,4.138606411135211105e-01,6.665212489620343206e+01
6.583273766976411867e-01,3.946667034126090656e-01,4.113967506278655706e-01,-1.720458573503481148e+02
6.590421729807005580e-01,3.946447044503046953e-01,4.085752597258527907e-01,-1.353413242040241649e+01
6.597569692637598182e-01,3.946456831093272943e-01,4.057427468608504340e-01,3.136658933699930651e-01
6.604717655468191895e-01,3.946751540682711390e-01,4.028965989835553985e-01,4.033030108119219648e+01
6.611865618298784497e-01,3.932876579118111393e-01,4.007295665177301736e-01,3.748672485556255651e+02
6.619013581129378210e-01,3.928810583924685074e-01,3.980923672137026692e-01,-9.122443028738014448e+01
6.626161543959971922e-01,3.928571525828339905e-01,3.952718093872744087e-01,-2.133341926544455869e-01
6.633309506790564525e-01,3.928335091752186425e-01,3.924510729873109671e-01,8.829526769775966955e+01
6.640457469621158237e-01,3.924375695380512563e-01,3.898087990376808976e-01,-3.878961807379620836e+02
6.647605432451751950e-01,3.910372728480585591e-01,3.876479257246518428e-01,-3.161017754576639049e+01
6.654753395282344552e-01,3.910685881333318958e-01,3.848008746100538002e-01,-5.338647325677083888e-01
6.661901358112938265e-01,3.910712056793991254e-01,3.819675854761351852e-01,1.265105897448217942e-01
6.669049320943530867e-01,3.910714223991332839e-01,3.791353974069747723e-01,3.638917339036505660e-03
6.676197283774124580e-01,3.910714719671861683e-01,3.763033481967991700e-01,-2.298366524586236415e-01
6.683345246604718293e-01,3.910719345712913575e-01,3.734711045153258913e-01,-3.068368665208856427e+00
6.690493209435310895e-01,3.910784669621374943e-01,3.706359190299346462e-01,-4.054648856800857715e+01
6.697641172265904608e-01,3.911702298386779963e-01,3.677598610642654475e-01,-5.409657098208274419e+02
6.704789135096497210e-01,3.892767962090938894e-01,3.658353469744974884e-01,1.308886382302465336e+03
6.711937097927090923e-01,3.892861521363615851e-01,3.629988319231209903e-01,6.977995836199109192e+01
6.719085060757684635e-01,3.892858290735675686e-01,3.601668958311524671e-01,4.193521264248619929e+00
6.726233023588277238e-01,3.892857282591865586e-01,3.573349139713097866e-01,2.537072392022501344e-01
6.733380986418870950e-01,3.892857161504962860e-01,3.545028927861152424e-01,-7.979701216130468192e-03
6.740528949249463553e-01,3.892857336016689040e-01,3.516708481420260379e-01,-3.090237372394256665e-01
6.747676912080057265e-01,3.892860387212199735e-01,3.488386684967270668e-01,-4.155610954800907031e+00
6.754824874910650978e-01,3.892908098952132523e-01,3.460042939504094361e-01,-5.657978221708917488e+01
6.761972837741243580e-01,3.893635008468074310e-01,3.431374324497436512e-01,-9.060839603279185894e+02
6.769120800571837293e-01,3.874242161250896488e-01,3.412348367375176994e-01,9.260069533398842623e+02
6.776268763402431006e-01,3.874950602423378188e-01,3.383688465336430196e-01,5.737508244945858848e+01
6.783416726233023608e-01,3.874996766900618561e-01,3.355345945873569047e-01,4.207784275012368624e+00
6.790564689063617321e-01,3.874999690548019959e-01,3.327024290238042581e-01,3.127011006938072990e-01
6.797712651894209923e-01,3.874999856097054995e-01,3.298703918556055714e-01,7.246507820891326390e-03
6.804860614724803636e-01,3.874999753246806677e-01,3.270383063635487475e-01,-2.677114883233872034e-01
6.812008577555397348e-01,3.874998994411150699e-01,3.242063107484326467e-01,-4.388939794026980756e+00
6.819156540385989951e-01,3.874998974617777647e-01,3.213742805419859683e-01,-7.252280499907992350e+01
6.826304503216583663e-01,3.875133304959058611e-01,3.185358106621017926e-01,-1.294340420765679482e+03
6.833452466047176266e-01,3.856157032457003253e-01,3.166132512937624433e-01,5.561219508303702241e+02
6.840600428877769978e-01,3.857072961605941264e-01,3.137373292693083071e-01,4.129975396123725773e+01
6.847748391708363691e-01,3.857138002284995482e-01,3.109021872800221686e-01,3.121079309900969267e+00
6.854896354538956293e-01,3.857142582139332365e-01,3.080698859752156737e-01,2.359859164058079883e-01
6.862044317369550006e-01,3.857142901672370727e-01,3.052378355819213018e-01,1.779580958876681926e-02
6.869192280200142608e-01,3.857142924482277468e-01,3.024057885664697687e-01,1.311723086372794216e-03
6.876340243030736321e-01,3.857142935243204618e-01,2.995737649601282193e-01,5.700059317435911916e-04
6.883488205861330034e-01,3.857143045321051456e-01,2.967417323805427998e-01,1.852399482538331227e-02
6.890636168691922636e-01,3.857144316311932886e-01,2.939095829209713018e-01,4.244194626487548527e-01
6.897784131522516349e-01,3.857158465537156578e-01,2.910768651669566331e-01,8.120819544763559605e+00
6.904932094353110061e-01,3.857307570201237157e-01,2.882376932321261132e-01,1.188397264164551075e+02
6.912080057183702664e-01,3.844572436421083150e-01,2.860160270306232322e-01,2.716484092543125257e+02
6.919228020014296376e-01,3.839545498583112337e-01,2.834248888264734867e-01,-1.165249267162706701e+02
6.926375982844888979e-01,3.839304574929289782e-01,2.806044139364595735e-01,-8.859791522035211031e+00
6.933523945675482691e-01,3.839287037851785711e-01,2.777732313709815326e-01,-6.803791350287481388e-01
6.940671908506076404e-01,3.839285769754948729e-01,2.749412161393051113e-01,-5.206318504502893685e-02
6.947819871336669006e-01,3.839285678695029125e-01,2.721091847515687556e-01,-3.968426265733483553e-03
6.954967834167262719e-01,3.839285672204455491e-01,2.692771323058804067e-01,-3.014352579509422527e-04
6.962115796997855321e-01,3.839285671745524264e-01,2.664451148624566446e-01,-2.283102049080724106e-05
6.969263759828449034e-01,3.839285671713363879e-01,2.636130328140496304e-01,-1.724622543747026210e-06
6.976411722659042747e-01,3.839285671711131775e-01,2.607809979053656302e-01,-1.297697750092681363e-07
6.983559685489635349e-01,3.839285671710978565e-01,2.579489530258439745e-01,-9.696976241038127333e-09
6.990707648320229062e-01,3.839285671710969128e-01,2.551169296584180901e-01,-8.307544680973961951e-10
6.997855611150821664e-01,3.839285671710966907e-01,2.522849021066563835e-01,-2.148202189033876485e-10
7.005003573981415377e-01,3.839285671710955805e-01,2.494528136317010758e-01,-4.978226426140592502e-09
7.012151536812009089e-01,3.839285671710834236e-01,2.466207803499015916e-01,-9.316122834638152691e-08
7.019299499642601692e-01,3.839285671709606884e-01,2.437887447389970041e-01,-1.613047981702829125e-06
7.026447462473195404e-01,3.839285671698648428e-01,2.409567180420574550e-01,-2.690063705544699268e-05
7.033595425303789117e-01,3.839285671626666563e-01,2.381246274114001693e-01,-4.364695427630995318e-04
7.040743388134381719e-01,3.839285671667341804e-01,2.352925959459709060e-01,-6.939238313646471125e-03
7.047891350964975432e-01,3.839285685529512104e-01,2.324605668437105532e-01,-9.403919028496343646e-02
7.055039313795568034e-01,3.839286046789615048e-01,2.296285517478662552e-01,-1.264380476508421447e+00
7.062187276626161747e-01,3.839293192879782435e-01,2.267968618665938962e-01,-1.685778684322658094e+01
7.069335239456755460e-01,3.839419109847930223e-01,2.239708071896045483e-01,-2.044228181603339465e+02
7.076483202287348062e-01,3.849217425931768521e-01,2.216084064693877587e-01,-6.630976415479244679e+01
7.083631165117941775e-01,3.856904836282975535e-01,2.191448369810164998e-01,1.721219713814126919e+02
7.090779127948534377e-01,3.857126727559775370e-01,2.163233868673682947e-01,1.348677751722585505e+01
7.097927090779128090e-01,3.857141839553798746e-01,2.134920656129688232e-01,1.016242352288161177e+00
7.105075053609721802e-01,3.857142845423155442e-01,2.106600900365064588e-01,7.483439372295984382e-02
7.112223016440314405e-01,3.857142821677129740e-01,2.078280610431528785e-01,-2.530383953802958080e-02
7.119370979270908117e-01,3.857141820818092426e-01,2.049959241633812213e-01,-5.977908698101189744e-01
7.126518942101500720e-01,3.857131259840011483e-01,2.021633849289376783e-01,-1.051531770447130576e+01
7.133666904932094432e-01,3.857030093511602531e-01,1.993265014905950261e-01,-1.476700459961792262e+02
7.140814867762688145e-01,3.869358636808422069e-01,1.970853665740680272e-01,-2.392253724285972964e+02
7.147962830593280747e-01,3.874736185717158610e-01,1.945110614858329423e-01,1.249920083432717632e+02
7.155110793423874460e-01,3.874976892240635240e-01,1.916905387991872656e-01,1.064500590542751901e+01
7.162258756254468173e-01,3.874946703270276127e-01,1.888570758176129627e-01,1.422671649361299195e+01
7.169406719085060775e-01,3.874327066153543941e-01,1.859952987882580178e-01,1.283227871414138122e+02
7.176554681915654488e-01,3.890489614288928921e-01,1.839379048947030471e-01,-6.726170683372844223e+02
7.183702644746247090e-01,3.892693447899545633e-01,1.812115141657288375e-01,3.368204177112546915e+01
7.190850607576840803e-01,3.892863140407897826e-01,1.783875948592141825e-01,-7.864876940199042821e+00
7.197998570407434515e-01,3.893120962006522134e-01,1.755679162759855583e-01,-1.410650395269387616e+02
7.205146533238027118e-01,3.899230491628485340e-01,1.730286613917251526e-01,1.781832266699683203e+02
7.212294496068620830e-01,3.910731042400987234e-01,1.707478581073759438e-01,2.140758526246753775e+02
7.219442458899213433e-01,3.910704352193856148e-01,1.679145472237646708e-01,8.460232392893021824e+01
7.226590421729807145e-01,3.910388033709540356e-01,1.650672964754349437e-01,1.217277642702581716e+03
7.233738384560400858e-01,3.929534090049347506e-01,1.631529458261684051e-01,-6.309305585953454738e+02
7.240886347390993460e-01,3.928597904149273567e-01,1.602759964881530497e-01,-3.745183566708526257e+01
7.248034310221587173e-01,3.928057702110935301e-01,1.574180692169972473e-01,4.776096916645686008e+01
7.255182273052179776e-01,3.943222524570319520e-01,1.553128767967894563e-01,-5.242684094352256352e+02
7.262330235882773488e-01,3.946244038519186592e-01,1.526256377599527203e-01,5.085922353187123690e+01
7.269478198713367201e-01,3.946676979989569012e-01,1.498143522354069834e-01,-1.218679360119126898e+02
7.276626161543959803e-01,3.952130656628893846e-01,1.472436671078794501e-01,2.340595986590197128e+02
7.283774124374553516e-01,3.964388379118221062e-01,1.449991522990463078e-01,1.570088624788207881e+02
7.290922087205147228e-01,3.964265773624493505e-01,1.421612432700404827e-01,7.482951420634152839e+01
7.298070050035739831e-01,3.963751398437398987e-01,1.393045012447911568e-01,1.101001257103235275e+03
7.305218012866333543e-01,3.983052857826726578e-01,1.373975995967252062e-01,-7.382518205203548405e+02
7.312365975696926146e-01,3.982171721548681820e-01,1.345232857989996922e-01,-4.654662768372396187e+01
7.319513938527519858e-01,3.981733438559295624e-01,1.316702440856328815e-01,-2.103746300312220097e+00
7.326661901358113571e-01,3.996234980992637853e-01,1.295332647499705114e-01,-4.485941236425995271e+02
7.333809864188706173e-01,4.000030592752223946e-01,1.268831226189939543e-01,-4.199706628697252597e+01
7.340957827019299886e-01,4.005262691834353683e-01,1.243018467132185334e-01,2.804895758673218324e+02
7.348105789849892489e-01,4.018126211174464224e-01,1.220863535769797364e-01,-5.547776584367078812e+01
7.355253752680486201e-01,4.028185417216153530e-01,1.197364316729900291e-01,-1.001888508193495539e+02
7.362401715511079914e-01,4.035612406805041963e-01,1.172603477231429631e-01,1.550375986786250451e+02
7.369549678341672516e-01,4.037576467913445710e-01,1.145224354897596136e-01,7.893554730123832996e+02
7.376697641172266229e-01,4.054604420907481632e-01,1.125065292556401836e-01,-2.895680768207371329e+02
7.383845604002859941e-01,4.059707934989211231e-01,1.099190612226559477e-01,1.887499479398182132e+02
7.390993566833452544e-01,4.071526516248424876e-01,1.076535085330318775e-01,-2.390198557795399026e+01
7.398141529664046256e-01,4.082487017382441796e-01,1.053467829989003790e-01,-1.521840506398388015e+02
7.405289492494638859e-01,4.089201236659083527e-01,1.028365226138454464e-01,1.205027493440679223e+02
7.412437455325232571e-01,4.091731430065065345e-01,1.001257735713111663e-01,6.665722176376352763e+02
7.419585418155826284e-01,4.107818127619156101e-01,9.806474476251079986e-02,-1.266222968023661508e+02
7.426733380986418886e-01,4.107453470664195749e-01,9.521518815492262255e-02,-1.515838278096081524e+02
7.433881343817012599e-01,4.113524623355541143e-01,9.267416019242626091e-02,1.804583988924202913e+02
7.441029306647605202e-01,4.125010288349831300e-01,9.039263667802632796e-02,1.212485908795356560e+00
7.448177269478198914e-01,4.136254388679687644e-01,8.809945545195492500e-02,-1.530193505161771554e+02
7.455325232308792627e-01,4.141845216245024774e-01,8.553541110622141230e-02,2.608652316518367229e+02
7.462473195139385229e-01,4.158860896736525925e-01,8.351886798002375323e-02,-9.391169417832559247e+02
7.469621157969978942e-01,4.168243989175167141e-01,8.113657656199246837e-02,1.020151763387444959e+02
7.476769120800571544e-01,4.178976228055183983e-01,7.881893807218938452e-02,1.539307833934057498e+03
7.483917083631165257e-01,4.196531845145161088e-01,7.682826896736112687e-02,-9.294596735942330668e+01
7.491065046461758969e-01,4.213195577081916277e-01,7.479493687168742300e-02,-1.227865215589719355e+03
7.498213009292351572e-01,4.222718345834767240e-01,7.241929955896145299e-02,5.818698935412744078e+01
7.505360972122945284e-01,4.231544186807091323e-01,7.001025643116158548e-02,1.277796117907812032e+02
7.512508934953538997e-01,4.246403777657558609e-01,6.789042739673357973e-02,-5.469136126571507930e+02
7.519656897784131599e-01,4.255210235672356456e-01,6.548045744160058135e-02,3.131581506916541571e+02
7.526804860614725312e-01,4.267570174655393456e-01,6.324082711180144256e-02,1.250124140513680231e+03
7.533952823445317915e-01,4.286088418449055526e-01,6.129631921912363085e-02,-4.769282112242341896e+02
7.541100786275911627e-01,4.300887008355306351e-01,5.917357845972288227e-02,-7.305657311290948428e+02
7.548248749106505340e-01,4.310090431854677884e-01,5.678262359190234393e-02,1.897156629381436517e+02
7.555396711937097942e-01,4.321475002370330776e-01,5.449622492479955921e-02,1.178566862867330201e+03
7.562544674767691655e-01,4.343988956802141144e-01,5.274328553932614710e-02,-1.638961829743414569e+02
7.569692637598284257e-01,4.367665737318055519e-01,5.104600057149919629e-02,-2.262493648724782531e+02
7.576840600428877970e-01,4.375633415563970896e-01,4.859587230897688404e-02,1.046766172277963960e+03
7.583988563259471682e-01,4.399318488307947805e-01,4.689900762281017793e-02,-1.309686879090452010e+02
7.591136526090064285e-01,4.420854242870727036e-01,4.509917816702884580e-02,-1.020245728273657626e+01
7.598284488920657997e-01,4.442451491029169586e-01,4.330221330278189590e-02,1.599259082735651702e+02
7.605432451751250600e-01,4.464439177037068385e-01,4.152406235675949742e-02,-8.980059486521469125e+02
7.612580414581844312e-01,4.474315311123428507e-01,3.916536557309006905e-02,1.135180430984426607e+02
7.619728377412438025e-01,4.498085352182706886e-01,3.747259499500159297e-02,3.075165228322677180e+01
7.626876340243030628e-01,4.520063260602686928e-01,3.569388632571009190e-02,-1.396130024348908094e+01
7.634024303073624340e-01,4.542106065230820389e-01,3.391852237700592604e-02,2.241416670494914776e+00
7.641172265904218053e-01,4.564194230899679683e-01,3.214418109689245323e-02,1.475570666614230975e+00
7.648320228734810655e-01,4.586281999795678299e-01,3.037365739451852384e-02,-1.057933292186662477e+01
7.655468191565404368e-01,4.608371474369500898e-01,2.860297504843973757e-02,3.560510895481384352e+01
7.662616154395996970e-01,4.630042361460925959e-01,2.671338881045740021e-02,6.742180216352934963e+01
7.669764117226590683e-01,4.655446177796940255e-01,2.588442786728486697e-02,-3.599610253121360870e+02
7.676912080057184395e-01,4.678515742443846159e-01,2.439216588941529873e-02,9.982094887237881267e+02
7.684060042887776998e-01,4.705285722367943402e-01,2.395143061600615506e-02,-3.366973295499678898e+02
7.691208005718370710e-01,4.725951753498120467e-01,2.177627075937961162e-02,4.477495045758400920e+02
7.698355968548963313e-01,4.753056105175332280e-01,2.143052118199565564e-02,-5.942498132800712938e+02
7.705503931379557025e-01,4.774070503181021552e-01,1.935441409059114951e-02,2.028074544717833589e+02
7.712651894210150738e-01,4.800146628881575284e-01,1.871646386172741774e-02,-5.810603656926588201e+02
7.719799857040743341e-01,4.823071618760433887e-01,1.718313172599222893e-02,8.050864513184553743e+02
7.726947819871337053e-01,4.848764732983082970e-01,1.643642685285389912e-02,5.115373574124301115e+01
7.734095782701929656e-01,4.874803041254455738e-01,1.578769029664104859e-02,-1.064401690284523966e+03
7.741243745532523368e-01,4.897905720411480091e-01,1.430492813800419288e-02,3.576767764383079680e+02
7.748391708363117081e-01,4.922698840461465775e-01,1.330248536205534508e-02,2.987085338453479153e+02
7.755539671193709683e-01,4.949187890824089386e-01,1.278184134236314169e-02,-7.244689321967676960e+02
7.762687634024303396e-01,4.972871820291266398e-01,1.146419498321203656e-02,4.570963756687863366e+01
7.769835596854897108e-01,4.996905703849984226e-01,1.024596152737817199e-02,4.420333932740643377e+02
7.776983559685489711e-01,5.024907304825615428e-01,1.015510783742508590e-02,-2.173106541783938894e+02
7.784131522516083423e-01,5.048875274009381187e-01,8.918145803519782547e-03,3.057633611848260102e+02
7.791279485346676026e-01,5.076403248297541859e-01,8.692775573012151424e-03,-1.394659358620395437e+02
7.798427448177269738e-01,5.100899265371575675e-01,7.605779020005911870e-03,2.160522131691582786e+02
7.805575411007863451e-01,5.127738234886326518e-01,7.184649512913175023e-03,-1.592350980274179904e+02
7.812723373838456054e-01,5.156353137961878774e-01,7.267963319174150331e-03,-4.860826902010202275e+02
7.819871336669049766e-01,5.179199301798751431e-01,5.712350922698075650e-03,7.493120509467174770e+02
7.827019299499642369e-01,5.208081577115484251e-01,5.871679288080080064e-03,-4.259009592897064636e+02
7.834167262330236081e-01,5.231057292752511190e-01,4.352861832091142053e-03,7.232848949551377018e+02
7.841315225160829794e-01,5.259201579082093403e-01,4.302532013971814562e-03,9.327333290108597907e+00
7.848463187991422396e-01,5.287263458438196118e-01,4.228795700587411471e-03,-6.817649208908910623e+02
7.855611150822016109e-01,5.310438158791345176e-01,2.766447222871090076e-03,3.204125483672544874e+02
7.862759113652608711e-01,5.339118140088848774e-01,2.868307772213638581e-03,2.156430169342626471e+02
7.869907076483202424e-01,5.365235825342495879e-01,2.242187002540803158e-03,-6.403568472622114882e+01
7.877055039313796136e-01,5.390631196922064383e-01,1.410814502726307667e-03,-7.258784059711369707e+01
7.884203002144388739e-01,5.419034662889538057e-01,1.434134748945748838e-03,4.372626200681780873e+00
7.891350964974982451e-01,5.447391845556105450e-01,1.444288836516870482e-03,1.266256121147866196e+02
7.898498927805576164e-01,5.473171135969254752e-01,7.220872162322827846e-04,-3.334353084782630372e+00
7.905646890636168767e-01,5.498912668127647896e-01,-1.104711038496000009e-05,-1.180418113568843381e+02
7.912794853466762479e-01,5.527247769075691597e-01,-7.063199429227841623e-06,1.651888521559526524e+01
7.919942816297355082e-01,5.555593392842682610e-01,-3.052363355256687979e-07,3.086360860902119363e+00
7.927090779127948794e-01,5.583915809241438710e-01,9.113283481551009289e-08,-1.093581725946555505e-01
7.934238741958542507e-01,5.612237391189472957e-01,1.031493999601963579e-08,-4.423361801118398662e-02
7.941386704789135109e-01,5.640558372020809674e-01,-8.183589307394751123e-10,-8.287966882644484971e-04
7.948534667619728822e-01,5.668880226182049231e-01,-2.757283965699362180e-09,6.346494434680957294e-03
7.955682630450321424e-01,5.697201300565357673e-01,-2.955138265341946764e-09,-5.497085499276430781e-02
7.962830593280915137e-01,5.725522530825800649e-01,1.509171787114525767e-07,-5.111593192467808189e-01
7.969978556111508849e-01,5.753841110775106404e-01,8.890006021365433453e-07,-6.760413816124140329e-02
7.977126518942101452e-01,5.782187977216984853e-01,-6.279669977518263916e-06,3.790947061496870418e+01
7.984274481772695164e-01,5.810782999472008381e-01,-8.411621761629888808e-05,1.371988989293482462e+02
7.991422444603287767e-01,5.834773164462619954e-01,1.146598542609750509e-03,-3.516494880321857863e+02
7.998570407433881480e-01,5.862172813782379199e-01,1.408444811657255527e-03,1.180519182048338962e+02
8.005718370264475192e-01,5.890412271120585297e-01,1.431815378524630604e-03,4.653967461652320736e+01
8.012866333095067795e-01,5.919056348477296225e-01,1.340061461162111132e-03,1.890464676432625311e+02
8.020014295925661507e-01,5.942759042889750321e-01,2.652418520861592709e-03,-4.457256531590253417e+02
8.027162258756255220e-01,5.970348686705116981e-01,2.860261980853788608e-03,7.879296446020762801e+01
8.034310221586847822e-01,5.998784379719366289e-01,2.827883608975924595e-03,7.547310209818962221e+02
8.041458184417441535e-01,6.021573787596108396e-01,4.399629674736192653e-03,-5.565743465069473359e+02
8.048606147248034137e-01,6.050289840381417594e-01,4.287576300109045661e-03,3.316690959913474046e+01
8.055754110078627850e-01,6.078857707849641967e-01,4.217497073109980482e-03,1.503040947035307795e+02
8.062902072909221562e-01,6.102827003958479768e-01,5.453927701715134690e-03,-3.304274442268501275e+02
8.070050035739814165e-01,6.130485198503198285e-01,5.642490322844797776e-03,1.594472177972501186e+02
8.077197998570407877e-01,6.154684450326570744e-01,6.813604807186980465e-03,-3.362401325823948923e+02
8.084345961401000480e-01,6.181280388629932787e-01,7.304004275684461596e-03,7.139877131915354767e+02
8.091493924231594193e-01,6.204963011177752064e-01,8.621931935913287187e-03,-4.863189730861208204e+01
8.098641887062187905e-01,6.229009143677834981e-01,9.836709982138001906e-03,-4.364891289829996026e+02
8.105789849892780508e-01,6.257003585150131553e-01,9.929536237407983121e-03,2.176151011609537989e+02
8.112937812723374220e-01,6.280932415168901661e-01,1.117767970226736518e-02,-3.431993814391908018e+02
8.120085775553966823e-01,6.308232644670097589e-01,1.146777737082587886e-02,1.122044737041276932e+02
8.127233738384560535e-01,6.336792072975602208e-01,1.140022819669969135e-02,6.987185105631398301e+02
8.134381701215154248e-01,6.359652146130775341e-01,1.295191472317269894e-02,-6.432701391663490540e+02
8.141529664045746850e-01,6.385169585539873793e-01,1.374861020967626905e-02,-8.813783145731376578e+01
8.148677626876340563e-01,6.411348064096034083e-01,1.435745259448987891e-02,7.227272655816250335e+02
8.155825589706934275e-01,6.432821841011295838e-01,1.630298927517495264e-02,-1.342661252842993918e+02
8.162973552537526878e-01,6.458154269618135990e-01,1.715225548964310898e-02,3.003789303213848143e+02
8.170121515368120590e-01,6.481301243405146462e-01,1.862247115147134743e-02,-9.857306037032657287e+02
8.177269478198713193e-01,6.507545389584382667e-01,1.921267595070408687e-02,1.292711772679554372e+02
8.184417441029306906e-01,6.532925842943148043e-01,2.004833485333563231e-02,5.870171442195038480e+02
8.191565403859900618e-01,6.555771264724465919e-01,2.160411433085614175e-02,-7.144910489220683303e+02
8.198713366690493221e-01,6.584837051540526343e-01,2.139270016150228784e-02,5.664473793119107086e+02
8.205861329521086933e-01,6.607618127943369890e-01,2.296680434851835692e-02,-9.358478926353701581e+02
8.213009292351679536e-01,6.633579298127685320e-01,2.363751314020996058e-02,2.719098067434591570e+01
8.220157255182273248e-01,6.659355411725993434e-01,2.436057216253619331e-02,8.503894148375451323e+02
8.227305218012866961e-01,6.682287775324196044e-01,2.589188780778050106e-02,-5.467312339302681039e+02
8.234453180843459563e-01,6.708303732648659423e-01,2.654686514899844835e-02,2.005791235009419609e+02
8.241601143674053276e-01,6.729314090476932186e-01,2.862402279569634111e-02,-6.643925017888747107e+02
8.248749106504645878e-01,6.755959505801540921e-01,2.910035683861893208e-02,2.643747406602950036e+02
8.255897069335239591e-01,6.780671695047723047e-01,3.012573968512676989e-02,2.035357900365430623e+02
8.263045032165833303e-01,6.803821241480836335e-01,3.159528215591297928e-02,-6.527469516062143207e+00
8.270192994996425906e-01,6.827221721201180982e-01,3.299339288717331037e-02,-1.437455723564923460e+02
8.277340957827019619e-01,6.851672078859278869e-01,3.409334348038248891e-02,-3.580313870088484691e+02
8.284488920657613331e-01,6.878236491617072401e-01,3.459251358917592167e-02,6.513552274252277812e+02
8.291636883488205934e-01,6.901935083473069721e-01,3.590597398808682839e-02,-6.934838183898249042e+01
8.298784846318799646e-01,6.926328082112773732e-01,3.702218640047166137e-02,6.681356795492561673e+01
8.305932809149392249e-01,6.948558190322582373e-01,3.875285720570381676e-02,-4.692748696736003353e+02
8.313080771979985961e-01,6.974079387403449015e-01,3.954855606536189505e-02,-7.218494404557961275e+01
8.320228734810579674e-01,7.000195379468988621e-01,4.017505911462196377e-02,7.229088549341443013e+02
8.327376697641172276e-01,7.021781552065967658e-01,4.208885740646881035e-02,-1.221635632951201416e+02
8.334524660471765989e-01,7.046954379322677431e-01,4.298333315308638242e-02,2.499690633042733623e+02
8.341672623302358591e-01,7.070200833777424698e-01,4.442521317576233336e-02,-8.573077631131154703e+02
8.348820586132952304e-01,7.097107889475564590e-01,4.482721200541481960e-02,3.995626165421796259e+02
8.355968548963546016e-01,7.117667069066961893e-01,4.703253781211856610e-02,-4.297120173029281318e+02
8.363116511794138619e-01,7.144601995024781882e-01,4.742659680120964172e-02,7.952730064885349748e+02
8.370264474624732332e-01,7.168098603174135608e-01,4.879738186919423126e-02,-1.241552713452198446e+02
8.377412437455324934e-01,7.192260939541376130e-01,4.997913651666426732e-02,-5.116864478950463990e+02
8.384560400285918647e-01,7.218841506158039101e-01,5.047369573630661188e-02,4.739181627618093557e+02
8.391708363116512359e-01,7.242959873065794030e-01,5.166795960211238714e-02,5.439993123257295338e+01
8.398856325947104962e-01,7.266770932744887057e-01,5.294949566692461196e-02,2.377321275757952534e+01
8.406004288777698674e-01,7.289479647843170040e-01,5.454413277306760510e-02,-3.239684174995693411e+02
8.413152251608292387e-01,7.315121383266652844e-01,5.530560440845517373e-02,9.103444720410028879e+01
8.420300214438884989e-01,7.336878230979659854e-01,5.717066267351538639e-02,1.662379012715026647e+02
8.427448177269478702e-01,7.359307552977736311e-01,5.884473216798678102e-02,-5.342941120024544261e+02
8.434596140100071304e-01,7.384790596691049869e-01,5.965130399478802553e-02,-9.350402753518886811e+01
8.441744102930665017e-01,7.410948908689555248e-01,6.026581031762332646e-02,1.068796311378997871e+03
8.448892065761258729e-01,7.434111554206261907e-01,6.173162943529713481e-02,-3.049004819949797707e+02
8.456040028591851332e-01,7.458772752085592872e-01,6.277150265764142034e-02,-3.380422959646828645e+02
8.463187991422445045e-01,7.485302476697767160e-01,6.328071461369856598e-02,6.675287743446803006e+02
8.470335954253037647e-01,7.508975968249911315e-01,6.460123456945801590e-02,-7.592888045495017479e+01
8.477483917083631360e-01,7.533395224995804718e-01,6.570999726053577961e-02,6.231663316591933466e+01
8.484631879914225072e-01,7.555579042669771095e-01,6.745382402688517021e-02,-4.783531359153546987e+02
8.491779842744817675e-01,7.581677042647825271e-01,6.808555187063936032e-02,1.552163567639985615e+02
8.498927805575411387e-01,7.603357647887338810e-01,6.997241068232316896e-02,1.271269109255887741e+02
8.506075768406003990e-01,7.625441182231225135e-01,7.174471389305871194e-02,-7.274091717181693184e+02
8.513223731236597702e-01,7.651913198384211467e-01,7.227026866691807494e-02,2.240939894058148525e+02
8.520371694067191415e-01,7.673520795472927869e-01,7.417776134850651015e-02,9.749902167370593986e+01
8.527519656897784017e-01,7.695382257907724677e-01,7.601310103369914029e-02,-7.437416749544383947e+02
8.534667619728377730e-01,7.722113722352653697e-01,7.646498236238551127e-02,2.971951898396745833e+02
8.541815582558971442e-01,7.743676815501950861e-01,7.838512115105965294e-02,6.620601883403546140e+01
8.548963545389564045e-01,7.765381233056086741e-01,8.026526952898935252e-02,-6.669012488722676153e+02
8.556111508220157758e-01,7.792285901854978380e-01,8.066773274566815810e-02,3.794971306570769229e+02
8.563259471050750360e-01,7.813827497984303649e-01,8.259410052233219501e-02,3.395908781401759313e+01
8.570407433881344073e-01,7.835431295452821576e-01,8.450277496616821760e-02,-5.738425147538264355e+02
8.577555396711937785e-01,7.862424577983945229e-01,8.488009366721852023e-02,4.705229733956953169e+02
8.584703359542530388e-01,7.883975087910133350e-01,8.680397707267137331e-02,1.192285396787067242e+00
8.591851322373124100e-01,7.905526966982910908e-01,8.872726725231912248e-02,-4.773875953501587333e+02
8.598999285203716703e-01,7.932524071750020056e-01,8.910368664409085149e-02,5.668668455036772684e+02
8.606147248034310415e-01,7.954121302368163393e-01,9.101412612502958466e-02,-3.192635295326029166e+01
8.613295210864904128e-01,7.975666560303793506e-01,9.293931593358607801e-02,-3.831888293022814196e+02
8.620443173695496730e-01,8.002589032667476454e-01,9.333693103995610585e-02,6.528403328738411346e+02
8.627591136526090443e-01,8.024126137650720025e-01,9.526440314768759576e-02,-1.025855196296340353e+02
8.634739099356683045e-01,8.046586600042733295e-01,9.692975605052853161e-02,9.671147727534759042e+01
8.641887062187276758e-01,8.068046399401100910e-01,9.887930448437927400e-02,-6.024617423078623233e+02
8.649035025017870471e-01,8.095050272059710617e-01,9.925361309821706390e-02,4.417502212075000898e+02
8.656182987848463073e-01,8.116434019553754320e-01,1.012248683596503190e-01,-5.424662893583918333e+01
8.663330950679056786e-01,8.138626100512209582e-01,1.029662657833998601e-01,-3.130884529069889766e+01
8.670478913509650498e-01,8.160721755873228123e-01,1.047353246126879606e-01,1.553109798766428469e+02
8.677626876340243101e-01,8.183892552589536740e-01,1.061986319235761062e-01,-2.430470408435317040e+02
8.684774839170836813e-01,8.209190209598342669e-01,1.070578464249525019e-01,7.178424766580899075e+01
8.691922802001429416e-01,8.230858226793168475e-01,1.089482084935321643e-01,-1.226129158542084951e+01
8.699070764832023128e-01,8.252773909809543174e-01,1.107682294538360479e-01,2.248587950731030105e+01
8.706218727662616841e-01,8.277103324953616337e-01,1.119025692681753503e-01,2.567112163328441810e+01
8.713366690493209443e-01,8.301192746887666729e-01,1.131048741534026042e-01,-8.271926789168945504e+01
8.720514653323803156e-01,8.323059344842167473e-01,1.149388278942422431e-01,1.182020620858208275e+02
8.727662616154395758e-01,8.346853708898621660e-01,1.162252108041145898e-01,-8.858970080728374796e+01
8.734810578984989471e-01,8.371446151944745839e-01,1.172845700416862008e-01,-2.906744371756164824e+01
8.741958541815583184e-01,8.393294849503419863e-01,1.191237845515215332e-01,1.783654551018788652e+02
8.749106504646175786e-01,8.416616828082097435e-01,1.205441336556652143e-01,-2.066041841965773074e+02
8.756254467476769499e-01,8.441741668154004730e-01,1.214524486177896156e-01,4.812367912582682550e+01
8.763402430307362101e-01,8.463472473314660460e-01,1.233250304354841370e-01,3.846330857952315085e+01
8.770550393137955814e-01,8.485553669133828469e-01,1.250979663066157932e-01,-9.521445664419843524e+00
8.777698355968549526e-01,8.507644212655408600e-01,1.268684298719554293e-01,1.545716516394893603e+00
8.784846318799142129e-01,8.529718528171834624e-01,1.286432734845658343e-01,-1.090272974827498215e-01
8.791994281629735841e-01,8.551797569001030608e-01,1.304170500395310239e-01,-2.505848944996145189e-01
8.799142244460329554e-01,8.573874883894463395e-01,1.321910726675894487e-01,3.450404243597056664e-01
8.806290207290922156e-01,8.595962083611673465e-01,1.339623153306345738e-01,2.576716066351832701e+00
8.813438170121515869e-01,8.617989501072521596e-01,1.357506395292501500e-01,-2.366912827124385288e+01
8.820586132952108471e-01,8.640218016999976491e-01,1.374818432355831288e-01,1.316206674045691045e+02
8.827734095782702184e-01,8.662513916109170209e-01,1.391937517213025499e-01,-5.570228451387206405e+02
8.834882058613295897e-01,8.688726884604567324e-01,1.397929350795078518e-01,1.837834645721553386e+02
8.842030021443888499e-01,8.710210775591122889e-01,1.417355857580194500e-01,-3.198118449394747653e+00
8.849177984274482212e-01,8.732358893386936716e-01,1.434896696736855104e-01,-1.137937625685763621e+01
8.856325947105074814e-01,8.754446052401793077e-01,1.452609256239340840e-01,2.892837763883336688e+00
8.863473909935668527e-01,8.776476322928191687e-01,1.470484080920381742e-01,-1.649647058079873929e+01
8.870621872766262239e-01,8.798743776737502076e-01,1.487685809702452844e-01,1.102938000416107798e+02
8.877769835596854842e-01,8.820535415099864940e-01,1.506237417843091786e-01,-7.318965360115302019e+02
8.884917798427448554e-01,8.847276025056806104e-01,1.510730300415450700e-01,3.015023889507702961e+02
8.892065761258041157e-01,8.868654218194879091e-01,1.530456536578642668e-01,-3.172798626778659425e+01
8.899213724088634869e-01,8.890852426844796375e-01,1.547855384400504131e-01,-5.984767153958805430e+00
8.906361686919228582e-01,8.912922875524073030e-01,1.565615755265581943e-01,3.197842391005202956e+00
8.913509649749821184e-01,8.935007140038013773e-01,1.583336140968724104e-01,1.888108466719754519e+00
8.920657612580414897e-01,8.957035909137232021e-01,1.601215652823662350e-01,-2.280202833098600834e+01
8.927805575411008610e-01,8.979270418672906651e-01,1.618510311203128771e-01,1.295206423544002803e+02
8.934953538241601212e-01,9.001502264427133637e-01,1.635812053054677417e-01,-5.888462211264048847e+02
8.942101501072194925e-01,9.027783150430084280e-01,1.641610610386382563e-01,1.951877166824733365e+02
8.949249463902787527e-01,9.049253255913903837e-01,1.661075876807585061e-01,-5.443480816729488581e+00
8.956397426733381240e-01,9.071405954622564494e-01,1.678604396057670478e-01,-1.575364403397937707e+01
8.963545389563974952e-01,9.093466720970366790e-01,1.696391455695905881e-01,9.482784484722345253e-01
8.970693352394567555e-01,9.115703889406001625e-01,1.713678678997326010e-01,5.886509010843571588e+01
8.977841315225161267e-01,9.137074560719185001e-01,1.733428118573883125e-01,-4.418935407398810185e+02
8.984989278055753870e-01,9.164076432900102320e-01,1.737177133322543865e-01,6.037308359273490623e+02
8.992137240886347582e-01,9.185572703852146192e-01,1.756563923936723393e-01,-8.669814296251249175e+01
8.999285203716941295e-01,9.207853693845704512e-01,1.773758354842160656e-01,1.130067646959977345e+01
9.006433166547533897e-01,9.229861431965654672e-01,1.791609418544746202e-01,-1.251017992623055974e+01
9.013581129378127610e-01,9.251847433849096358e-01,1.809387402128340983e-01,3.118744696189260068e+01
9.020729092208720212e-01,9.275595447517288594e-01,1.826324058520650273e-01,1.100724974137315400e+02
9.027877055039313925e-01,9.285549019536656346e-01,1.849874320578806242e-01,-8.763540538663972939e+02
9.035025017869907638e-01,9.307487766270849949e-01,1.867679589521721306e-01,1.592841719392985169e+02
9.042172980700500240e-01,9.328937474867675661e-01,1.885719666121908056e-01,-2.819458630986472158e+01
9.049320943531093953e-01,9.351202904541927596e-01,1.903368454725856140e-01,2.620215337594168581e+00
9.056468906361687665e-01,9.373250283876137789e-01,1.921121896933924988e-01,6.446119212736747262e-01
9.063616869192280268e-01,9.395329820049929115e-01,1.938860004907363155e-01,-2.878901626613137310e-01
9.070764832022873980e-01,9.417409150340925184e-01,1.956597989906293800e-01,5.990853150218643230e-02
9.077912794853466583e-01,9.439486720229982586e-01,1.974336654538693392e-01,-1.061288542665052986e-02
9.085060757684060295e-01,9.461565338025157423e-01,1.992075248242349828e-01,7.387086460369957606e-03
9.092208720514654008e-01,9.483643351308432834e-01,2.009814133455016250e-01,-2.567536061207026030e-03
9.099356683345246610e-01,9.505722093165044351e-01,2.027552168386114184e-01,4.794005998154825948e-02
9.106504646175840323e-01,9.527796997331315909e-01,2.045292451503710474e-01,-5.191205207517386455e-01
9.113652609006432925e-01,9.549887352747101765e-01,2.063025061943873362e-01,3.300515770385553438e+00
9.120800571837026638e-01,9.571963749822191003e-01,2.080764734920410031e-01,-1.409241386184396028e+01
9.127948534667620351e-01,9.593717640755096143e-01,2.098658656480340279e-01,-1.727422894110138429e+01
9.135096497498212953e-01,9.618193796008609464e-01,2.115247790619666224e-01,2.721450426479686371e+02
9.142244460328806666e-01,9.625798070191631250e-01,2.139923684748906429e-01,-1.007560065166186860e+03
9.149392423159399268e-01,9.649790370096353875e-01,2.156745124284383253e-01,1.356156622044025539e+02
9.156540385989992981e-01,9.670435502440742903e-01,2.175170205438105853e-01,-1.259825446228482519e+02
9.163688348820586693e-01,9.694933679088791889e-01,2.191749555318280862e-01,8.837250355352748556e+02
9.170836311651179296e-01,9.702059984673537807e-01,2.216654077228934761e-01,-3.437493382158954205e+02
9.177984274481773008e-01,9.726030467824661185e-01,2.233485527391339542e-01,-1.018175259933385490e+02
9.185132237312366721e-01,9.749302725842378115e-01,2.250652063137576764e-01,1.033518427837769423e+03
9.192280200142959323e-01,9.756567050958521170e-01,2.275490855670430357e-01,-3.431272529184186624e+02
9.199428162973553036e-01,9.783673605300871046e-01,2.290819360715724839e-01,8.138519865543855758e+02
9.206576125804145638e-01,9.791513459472227510e-01,2.315381885976375564e-01,-2.437634363990253803e+02
9.213724088634739351e-01,9.803499571261963252e-01,2.337958153593632238e-01,-8.481887655715337360e+02
9.220872051465333064e-01,9.826515302674601049e-01,2.355246957644941963e-01,1.139575734782657577e+02
9.228020014295925666e-01,9.839059090650513761e-01,2.377555178420310833e-01,-2.994632661785107643e+02
9.235167977126519379e-01,9.858479837894832398e-01,2.396567534625421714e-01,1.445700370432622961e+01
9.242315939957111981e-01,9.874666918670867988e-01,2.417129930171876828e-01,-6.540284249562863295e+01
9.249463902787705694e-01,9.891893496274182240e-01,2.437193735767556602e-01,1.279189565739135332e+03
9.256611865618299406e-01,9.902030229905466330e-01,2.460655787052552779e-01,1.812935771300383436e+01
9.263759828448892009e-01,9.911975288962419084e-01,2.484209710666114290e-01,-1.176352019922012914e+03
9.270907791279485721e-01,9.928432002827208835e-01,2.504642546010220072e-01,-1.363426805366852932e+02
9.278055754110079434e-01,9.946152534662019429e-01,2.524470020089557565e-01,1.572883250701878069e+03
9.285203716940672036e-01,9.956501261905181810e-01,2.547830158055669481e-01,5.411074404407838756e+01
9.292351679771265749e-01,9.963418898269312818e-01,2.572834718041217550e-01,-2.200680150917295919e+02
9.299499642601858351e-01,9.979272513265610156e-01,2.593557389733640584e-01,5.443183798703626053e+02
9.306647605432452064e-01,9.980957123975368050e-01,2.621070169281773943e-01,-6.469813329173119882e+02
9.313795568263045777e-01,1.000014384200887951e+00,2.640194253206428754e-01,1.265383118000727791e+03
9.320943531093638379e-01,1.000000012247213910e+00,2.668584043382420390e-01,7.183798375213399368e+01
9.328091493924232092e-01,9.999999208848067145e-01,2.696904779114318029e-01,4.368045060559954784e+00
9.335239456754824694e-01,9.999999888966608630e-01,2.725224784507889186e-01,2.940030775772872196e-01
9.342387419585418407e-01,1.000000013868356019e+00,2.753545127236184387e-01,3.563591575385332555e-01
9.349535382416012119e-01,1.000000268717403218e+00,2.781867236942476285e-01,4.574576703022569468e+00
9.356683345246604722e-01,1.000004453236575719e+00,2.810207579426277080e-01,6.270987308712187769e+01
9.363831308077198434e-01,1.000070705334305643e+00,2.838845373105787773e-01,1.043616282736932817e+03
9.370979270907791037e-01,9.981592123407587724e-01,2.858004362430532352e-01,-7.149302033388669315e+02
9.378127233738384749e-01,9.970472143931424780e-01,2.880995058584244206e-01,1.315406779333792144e+02
9.385275196568978462e-01,9.946492618037473532e-01,2.897822170798765584e-01,-9.766352252446246212e+02
9.392423159399571064e-01,9.937555468030961903e-01,2.921866868924822280e-01,1.633727220588379794e+02
9.399571122230164777e-01,9.913526437610939990e-01,2.938641969592721837e-01,2.339331749343984690e+00
9.406719085060758490e-01,9.891611244575091444e-01,2.956432059131015588e-01,2.070011899384801168e+01
9.413867047891351092e-01,9.869968818036597424e-01,2.975348497949510396e-01,7.035349499745902335e+01
9.421015010721944805e-01,9.844539167251062928e-01,2.983593402475842038e-01,-3.722924161132752374e+02
9.428162973552537407e-01,9.821482844153452962e-01,2.998549288993815898e-01,1.069710997006437992e+03
9.435310936383131120e-01,9.795387798542914970e-01,3.004874694812914027e-01,-7.077435661860161531e+01
9.442458899213724832e-01,9.769780127643173939e-01,3.012585349610121810e-01,-7.117538616866074790e+02
9.449606862044317435e-01,9.746984150822988191e-01,3.028284397181578158e-01,6.616735898626895960e+02
9.456754824874911147e-01,9.717926455862445634e-01,3.026193105826998075e-01,-5.660233852300998478e+02
9.463902787705503750e-01,9.695196685921214641e-01,3.042080024255830462e-01,7.015056580814028848e+02
9.471050750536097462e-01,9.666254503424102085e-01,3.040317208916720193e-01,-4.625917132657008892e+02
9.478198713366691175e-01,9.643362477421817403e-01,3.055742280513139009e-01,7.818362703682818164e+02
9.485346676197283777e-01,9.615129082934718019e-01,3.055993485386480635e-01,2.772926817665077692e+01
9.492494639027877490e-01,9.587176892945266093e-01,3.057041713282582229e-01,-6.177672706254440982e+02
9.499642601858470092e-01,9.563876257740054898e-01,3.071308300517050505e-01,2.784177279206787716e+02
9.506790564689063805e-01,9.535186943008556737e-01,3.070262043714176436e-01,1.913512267485175471e+02
9.513938527519657518e-01,9.509276531129715604e-01,3.077112210011950233e-01,-2.514410543907689899e+01
9.521086490350250120e-01,9.483652023176982748e-01,3.084774848225289023e-01,-1.418082939556657607e+02
9.528234453180843833e-01,9.454952973664266791e-01,3.083701849141627926e-01,-2.218612959531133697e+02
9.535382416011437545e-01,9.431442422139501014e-01,3.097371300686270201e-01,5.155192695684210094e+02
9.542530378842030148e-01,9.403567709377290695e-01,3.098640249790228229e-01,-1.052765219603284521e+02
9.549678341672623860e-01,9.375384399052296702e-01,3.099032904223694707e-01,1.517400703113772806e+02
9.556826304503216463e-01,9.349214648231505276e-01,3.105146414109415387e-01,-6.991865185241965719e+01
9.563974267333810175e-01,9.323871960183649499e-01,3.113610196958002674e-01,-6.052237654178208714e+01
9.571122230164403888e-01,9.295483415483977163e-01,3.113419345490240908e-01,2.114052256130736041e+01
9.578270192994996490e-01,9.267135573894442757e-01,3.113344366860102963e-01,3.411047250061278291e+00
9.585418155825590203e-01,9.238813250104832564e-01,3.113341888320562134e-01,-2.345291731803619550e-01
9.592566118656182805e-01,9.210492468605712135e-01,3.113342400997074488e-01,-5.186453037283010603e-02
9.599714081486776518e-01,9.182169595866892520e-01,3.113347674794170739e-01,2.680192077925026783e+00
9.606862044317370231e-01,9.153828232688290267e-01,3.113403093025182700e-01,1.090930971376182868e+01
9.614010007147962833e-01,9.125545307768143655e-01,3.113294785253508667e-01,-1.627494162961343989e+02
9.621157969978556546e-01,9.099326717671001319e-01,3.107318733028336943e-01,7.947933845656918095e+01
9.628305932809149148e-01,9.074036497494218922e-01,3.098707329722190096e-01,5.315282077635911406e+01
9.635453895639742861e-01,9.045646569870606779e-01,3.098900768872453471e-01,-2.575489937302140930e+01
9.642601858470336573e-01,9.017297846129823657e-01,3.098979350794645593e-01,4.031249324562656966e+01
9.649749821300929176e-01,8.988585823371786354e-01,3.100088162060861685e-01,3.589811223889140592e+02
9.656897784131522888e-01,8.965495481308650705e-01,3.085226014461062705e-01,-6.991812201872252217e+02
9.664045746962116601e-01,8.937256240504592997e-01,3.084991399396881939e-01,8.656009696680739296e+01
9.671193709792709203e-01,8.908989678943183277e-01,3.084836514560552745e-01,-7.853647542102326895e+01
9.678341672623302916e-01,8.883403909405196419e-01,3.077063855826410177e-01,-2.122530204217238392e+01
9.685489635453895518e-01,8.857484264860245871e-01,3.070239894755066312e-01,-6.618037035236594257e+00
9.692637598284489231e-01,8.831321737342532341e-01,3.064105853175869143e-01,6.362616872374730548e+01
9.699785561115082944e-01,8.806022473539456552e-01,3.055518708031980113e-01,-6.847012397960878616e+01
9.706933523945675546e-01,8.779252200615821344e-01,3.051111883284070569e-01,1.546821509224205329e+02
9.714081486776269259e-01,8.754430799217397530e-01,3.041167159551028676e-01,8.470686020642812508e+00
9.721229449606861861e-01,8.725719979114711089e-01,3.042273953695815991e-01,7.835118293677888346e+01
9.728377412437455574e-01,8.701456004825479651e-01,3.030744845737071702e-01,-2.691680859489734416e+02
9.735525375268049286e-01,8.674092229033486534e-01,3.028024539104767765e-01,1.265526975156193146e+02
9.742673338098641889e-01,8.649402994205855899e-01,3.017703497158784609e-01,-1.618760260802097548e+02
9.749821300929235601e-01,8.622620801739903085e-01,3.013330930486810555e-01,6.378410477826484026e+01
9.756969263759828204e-01,8.597294527835700473e-01,3.004820152698524649e-01,-5.891102767567620901e+01
9.764117226590421916e-01,8.571157029157432383e-01,2.998616183033393501e-01,-5.360274449878898118e+00
9.771265189421015629e-01,8.545352452971468615e-01,2.991465065452447725e-01,-2.138474024919496941e+01
9.778413152251608231e-01,8.519453545890406376e-01,2.984581692505725581e-01,8.306074719606996268e+02
9.785561115082201944e-01,8.496474743649217176e-01,2.969402740876749269e-01,-5.400488981531930222e+02
9.792709077912795657e-01,8.471253401090164115e-01,2.960593527926331237e-01,-1.753176818324499777e+02
9.799857040743388259e-01,8.444903545391894140e-01,2.954992627639366209e-01,8.749717009464937973e+02
9.807005003573981972e-01,8.421948258440447033e-01,2.939744715969307420e-01,-4.292382687761787565e+02
9.814152966404574574e-01,8.393085109712431491e-01,2.941284923954378683e-01,8.120684463872956940e+02
9.821300929235168287e-01,8.369965703460194861e-01,2.926503863002830608e-01,-3.215034950163295662e+02
9.828448892065761999e-01,8.345204014271926374e-01,2.916390667603401821e-01,-2.981399829977507920e+02
9.835596854896354602e-01,8.318712586231254980e-01,2.911189758964368712e-01,7.294125330769516040e+02
9.842744817726948314e-01,8.295002617582853954e-01,2.898088005745427242e-01,-2.992900631484960527e+01
9.849892780557540917e-01,8.271127954176619168e-01,2.885454832138747983e-01,-6.460167677180932060e+02
9.857040743388134629e-01,8.244602692814082534e-01,2.880350099789530938e-01,3.550883776095881217e+02
9.864188706218728342e-01,8.219990721289278657e-01,2.869811520466951649e-01,2.875949863683091507e+02
9.871336669049320944e-01,8.196805247980456510e-01,2.855218191776077163e-01,-1.052625050770026746e+03
9.878484631879914657e-01,8.170607877568705213e-01,2.849184093824876363e-01,1.080376291297496465e+02
9.885632594710507259e-01,8.145203911271897690e-01,2.840893721593527599e-01,4.466141645780468252e+02
9.892780557541100972e-01,8.122906324279725032e-01,2.823778775341818648e-01,-6.326827236713319280e+01
9.899928520371694685e-01,8.098596333021258475e-01,2.812381454900901856e-01,4.837328112682045855e+01
9.907076483202287287e-01,8.074798495425292710e-01,2.799528216076020981e-01,-5.684667803380616533e+02
9.914224446032881000e-01,8.047857627437770001e-01,2.795606261411954785e-01,5.179780211026666166e+02
9.921372408863474712e-01,8.027177328788257515e-01,2.773895108273510823e-01,-3.020243349503766126e+02
9.928520371694067315e-01,8.000536669968735248e-01,2.769120503240232734e-01,7.047460120763344094e+02
9.935668334524661027e-01,7.978434514905169417e-01,2.751448536620998975e-01,-1.258574663011209509e+02
9.942816297355253630e-01,7.956755591331649002e-01,2.732576516580746961e-01,-1.520328643075403363e+02
9.949964260185847342e-01,7.930679768903254878e-01,2.726196800179658819e-01,4.725948497448065950e+02
9.957112223016441055e-01,7.908455881974653101e-01,2.708871250269236364e-01,-6.426796495196424530e+01
9.964260185847033657e-01,7.884190655967709960e-01,2.697347301781788942e-01,4.359829706370875080e+00
9.971408148677627370e-01,7.859951583695806709e-01,2.685747154428781425e-01,-6.194871643429868158e+01
9.978556111508219972e-01,7.838084561303422237e-01,2.667409335344270715e-01,1.369185462829821631e+02
9.985704074338813685e-01,7.814494272764289651e-01,2.653966703343395017e-01,-1.458012745432556301e+02
9.992852037169407398e-01,7.789520044634677953e-01,2.644455784897881689e-01,1.119218248275021779e+02
1.000000000000000000e+00,7.767857218960214638e-01,2.625538094249458276e-01,-6.910771738865814768e+02
