s,x,y,curvature
0.000000000000000000e+00,5.341246128082275391e-01,8.404992818832395240e-01,2.803058141452351038e+02
5.002501250625312297e-04,5.328497794901885243e-01,8.418447730796382311e-01,4.852995975159680029e+02
1.000500250125062459e-03,5.310590440418865299e-01,8.418829504356768467e-01,-7.957156775989216158e+01
1.500750375187593581e-03,5.292555602811410687e-01,8.418888231295900137e-01,1.564692750697329338e+01
2.001000500250124919e-03,5.274483166119509070e-01,8.418851680657761793e-01,-4.049595209154109199e+00
2.501250625312656257e-03,5.256436883075551458e-01,8.418881405145770547e-01,1.111317152854195101e+01
3.001500750375187161e-03,5.238362075743434598e-01,8.418838846073164461e-01,-5.995094825320879295e+01
3.501750875437718499e-03,5.220205264074742058e-01,8.418588478510827811e-01,5.686722054891971112e+01
4.002001000500249837e-03,5.203507168271114258e-01,8.422034665299187317e-01,-3.848913630838233644e+02
4.502251125562781175e-03,5.189989111224492246e-01,8.433539437304329311e-01,7.391184266966578207e+02
5.002501250625312514e-03,5.171512235172156524e-01,8.432477989656399497e-01,-1.086694362059921275e+02
5.502751375687843852e-03,5.153573635367231232e-01,8.432780596142172014e-01,1.107759081346004848e+01
6.003001500750374322e-03,5.135494755506269104e-01,8.432727716773983362e-01,1.791774570460745730e+00
6.503251625812905660e-03,5.117438376004300737e-01,8.432731855911033136e-01,-1.295064614692127192e+00
7.003501750875436999e-03,5.099379460130131214e-01,8.432729567657220038e-01,-3.218920898456186785e-01
7.503751875937968337e-03,5.081329399846635786e-01,8.432749720000999316e-01,6.650678338580035209e+00
8.004002001000499675e-03,5.063239387115547885e-01,8.432668630333601811e-01,-4.280233204610551923e+01
8.504252126063030146e-03,5.045232274112749771e-01,8.432797613804116077e-01,2.006983714782421089e+02
9.004502251125562351e-03,5.027630636320787882e-01,8.433954172058750753e-01,-7.457760201361294321e+02
9.504752376188092822e-03,5.014603590524844279e-01,8.446703196717949558e-01,1.075528846981722836e+03
1.000500250125062503e-02,4.996403540869420734e-01,8.446343261226523236e-01,-1.610345517087912413e+02
1.050525262631315550e-02,4.978562987086831426e-01,8.446894318087396769e-01,1.028150200082078385e+02
1.100550275137568770e-02,4.960009790639774430e-01,8.445639505454327622e-01,-5.441015379834078658e+02
1.150575287643821817e-02,4.946042576920532952e-01,8.456005714896642766e-01,2.284003573712675461e+02
1.200600300150074864e-02,4.929947565725421033e-01,8.460980020384121225e-01,5.034581981489788660e+01
1.250625312656328085e-02,4.911680681710718921e-01,8.460450734598893296e-01,5.120377174536652376e+01
1.300650325162581132e-02,4.893625625545907631e-01,8.460458226975666740e-01,-1.338043602285947564e+01
1.350675337668834353e-02,4.875574885631722699e-01,8.460476656864598377e-01,2.358052348900427475e+00
1.400700350175087400e-02,4.857514337230324775e-01,8.460470231734713575e-01,-4.523838631760252471e-01
1.450725362681340620e-02,4.839457319111676870e-01,8.460472752504810678e-01,9.365470002345890332e-01
1.500750375187593667e-02,4.821399326304332544e-01,8.460472803346439363e-01,-3.758164419357918007e+00
1.550775387693846888e-02,4.803327011111251377e-01,8.460436559667939838e-01,-3.489660002527730676e+00
1.600800400200099935e-02,4.785374309091086631e-01,8.460703429058558100e-01,8.089272169164033244e+01
1.650825412706352982e-02,4.766855290115756261e-01,8.459535188364705194e-01,-5.713366335504441622e+02
1.700850425212606029e-02,4.752964762927261999e-01,8.470096060092792145e-01,2.520398521736891553e+02
1.750875437718859423e-02,4.736767634260165560e-01,8.474811747341991497e-01,3.285897261940093017e+01
1.800900450225112470e-02,4.718518773435463887e-01,8.474328117483004297e-01,5.277117821449669322e+01
1.850925462731365517e-02,4.700450226821631938e-01,8.474301424582788567e-01,-1.101974796750245922e+01
1.900950475237618564e-02,4.682491316936703285e-01,8.474552555160144163e-01,6.310047744865551067e+01
1.950975487743871958e-02,4.663969635930934610e-01,8.473377605872651763e-01,-4.662532121098527114e+02
2.001000500250125005e-02,4.649780472727585989e-01,8.483181388094244157e-01,1.708781346513654569e+02
2.051025512756378053e-02,4.633945137153092086e-01,8.488813719631211896e-01,9.536086740342435064e+01
2.101050525262631100e-02,4.615631967706370631e-01,8.488167145139501324e-01,3.664894992358048853e+01
2.151075537768884147e-02,4.597587043893027747e-01,8.488200313199446567e-01,-1.435928687577312424e+01
2.201100550275137541e-02,4.579535559324389160e-01,8.488216856147700051e-01,2.815532595937791260e+00
2.251125562781390588e-02,4.561472879655913970e-01,8.488205030112762062e-01,-2.371334851435514146e+00
2.301150575287643635e-02,4.543423575892323596e-01,8.488227100052652130e-01,1.218676307366963840e+01
2.351175587793896682e-02,4.525357769016811194e-01,8.488207349045446826e-01,-6.512637481233748815e+01
2.401200600300149729e-02,4.507146701598423455e-01,8.487819489173016319e-01,3.209670304175991973e+00
2.451225612806403123e-02,4.490746392247403351e-01,8.492020322645360553e-01,-3.023658323343627217e+02
2.501250625312656170e-02,4.477012994717762817e-01,8.502979452959525952e-01,6.361182126436829094e+02
2.551275637818909217e-02,4.458504357285057451e-01,8.501837512478872538e-01,-9.211235860353305327e+01
2.601300650325162264e-02,4.440558205258218205e-01,8.502120982209152578e-01,6.509538562455795763e+00
2.651325662831415658e-02,4.422483225747705915e-01,8.502077986561374923e-01,2.960309173311236552e+00
2.701350675337668705e-02,4.404425845053424049e-01,8.502079588572654112e-01,-1.008761694732807968e+00
2.751375687843921752e-02,4.386368308587739184e-01,8.502080795839208616e-01,1.796642207766616650e-01
2.801400700350174799e-02,4.368310124168092723e-01,8.502080361107269280e-01,-2.388362973921004731e-02
2.851425712856427847e-02,4.350252146882074844e-01,8.502080451278499762e-01,2.058084524284946846e-04
2.901450725362681241e-02,4.332194129854547993e-01,8.502080440739676614e-01,5.952539884505257629e-05
2.951475737868934288e-02,4.314136112206972129e-01,8.502080428630015563e-01,-8.012479725134268255e-04
3.001500750375187335e-02,4.296078136520606328e-01,8.502080522851327427e-01,2.614661220165196212e-02
3.051525762881440382e-02,4.278019951933091369e-01,8.502080087710988110e-01,-1.881229674482418068e-01
3.101550775387693776e-02,4.259962378151699869e-01,8.502081200371245373e-01,1.040283418491533940e+00
3.151575787893946823e-02,4.241905321775108484e-01,8.502083624150413854e-01,-2.519787257202654729e+00
3.201600800400199870e-02,4.223828925603499984e-01,8.502037040323011663e-01,-8.133471892991121166e+00
3.251625812906452917e-02,4.205885808222377120e-01,8.502328188851179247e-01,9.804669728707384024e+01
3.301650825412705964e-02,4.187386121891312762e-01,8.501208975371911114e-01,-6.720650658598308382e+02
3.351675837918959011e-02,4.173732552376518967e-01,8.512369965656297888e-01,3.306442700245866035e+02
3.401700850425212058e-02,4.157225514442959291e-01,8.516300189555316980e-01,-2.215329597634627490e+01
3.451725862931465799e-02,4.139033961311629484e-01,8.515961793892317111e-01,6.332852122888423452e+01
3.501750875437718846e-02,4.120964847632507810e-01,8.515933867420584225e-01,-1.174862717339210327e+01
3.551775887943971893e-02,4.102915275746408241e-01,8.515955233641006039e-01,1.891351920092523065e+00
3.601800900450224940e-02,4.084855032957754872e-01,8.515949589160355382e-01,-1.683545526785646673e-01
3.651825912956477987e-02,4.066797382765485747e-01,8.515950507185539031e-01,-4.562988885547587803e-02
3.701850925462731035e-02,4.048739349426957457e-01,8.515950455374807770e-01,2.021408234740873153e-02
3.751875937968984082e-02,4.030681328360103954e-01,8.515950434572369110e-01,-3.676054361215703396e-03
3.801900950475237129e-02,4.012623318735196731e-01,8.515950443087459965e-01,5.681947856695751357e-04
3.851925962981490176e-02,3.994565305365316843e-01,8.515950440703553559e-01,-3.332677743236987398e-04
3.901950975487743917e-02,3.976507292349633627e-01,8.515950441538113758e-01,1.633148957847766663e-03
3.951975987993996964e-02,3.958449275605750439e-01,8.515950451365915663e-01,-3.179135169695841831e-04
4.002001000500250011e-02,3.940391297579248775e-01,8.515950363054293204e-01,-2.310278822567307308e-02
4.052026013006503058e-02,3.922333113419878003e-01,8.515950797115892090e-01,1.769511109403378579e-01
4.102051025512756105e-02,3.904275588027261157e-01,8.515949561835486348e-01,-9.986796099980853603e-01
4.152076038019009152e-02,3.886218106394337402e-01,8.515948215667866750e-01,3.101444266016418982e+00
4.202101050525262199e-02,3.868143582650891976e-01,8.515990054724161817e-01,5.989684466911485039e+00
4.252126063031515246e-02,3.850196391801045670e-01,8.515709228373256057e-01,-9.020028037893681017e+01
4.302151075537768293e-02,3.831685367535516140e-01,8.516857172966815215e-01,6.247858910106172061e+02
4.352176088044022034e-02,3.817926031080414728e-01,8.505964196799341570e-01,-2.934863569989111625e+02
4.402201100550275081e-02,3.801560496302718861e-01,8.501675406079597375e-01,-2.886370568206045650e+00
4.452226113056528128e-02,3.783343077048239023e-01,8.502079346686770567e-01,-6.573723804022345973e+01
4.502251125562781175e-02,3.765278445564966270e-01,8.502096118456727858e-01,1.232090947257458780e+01
4.552276138069034223e-02,3.747228578045783687e-01,8.502075477890730371e-01,-2.072312334606456030e+00
4.602301150575287270e-02,3.729168103333333484e-01,8.502081716293983238e-01,3.950951760381771760e-01
4.652326163081540317e-02,3.711110941108681227e-01,8.502079560691594429e-01,-9.942197055385881832e-01
4.702351175587793364e-02,3.693053735207370014e-01,8.502077515729632440e-01,2.660113340681392380e+00
4.752376188094046411e-02,3.674977849502347738e-01,8.502122807789902481e-01,7.542216972184243140e+00
4.802401200600299458e-02,3.657033661999045671e-01,8.501834359705194855e-01,-9.587985868506395093e+01
4.852426213106553199e-02,3.638530424967669763e-01,8.502962614875588798e-01,6.588021073671430941e+02
4.902451225612806246e-02,3.624847844197529589e-01,8.491874708371339731e-01,-3.201863081516086140e+02
4.952476238119059293e-02,3.608379589508630136e-01,8.487846057104129205e-01,1.524310482764321151e+01
5.002501250625312340e-02,3.590180946191871558e-01,8.488202432708928935e-01,-6.407053249533406358e+01
5.052526263131565387e-02,3.572113338379517833e-01,8.488226747552325424e-01,1.186618995378536745e+01
5.102551275637818434e-02,3.554061708565650068e-01,8.488210571878986865e-01,-5.089062465187679241e-01
5.152576288144071481e-02,3.536010358227023032e-01,8.488193689046272805e-01,-9.849787456264992969e+00
5.202601300650324528e-02,3.517931145373983659e-01,8.488247410411513538e-01,5.624107912508264207e+01
5.252626313156577575e-02,3.499813152739656985e-01,8.488399400954894647e-01,-9.846740674283188355e+01
5.302651325662831316e-02,3.482897882534719547e-01,8.485503656461175215e-01,4.536753414166010998e+02
5.352676338169084364e-02,3.469524098367914311e-01,8.473633679094790816e-01,-8.197675277033683869e+02
5.402701350675337411e-02,3.451083702595978964e-01,8.474602649115211550e-01,1.218381779566283996e+02
5.452726363181590458e-02,3.433157480663870942e-01,8.474268686026675823e-01,-2.309993964095005836e+01
5.502751375687843505e-02,3.415048207431776728e-01,8.474398584040395699e-01,4.978967492411440787e+01
5.552776388194096552e-02,3.396986406283635795e-01,8.474408184257082866e-01,-1.638232894936137427e+02
5.602801400700349599e-02,3.379757943009819021e-01,8.472305999135417709e-01,5.699040223181062856e+02
5.652826413206602646e-02,3.366566192467104757e-01,8.459974265838378082e-01,-9.408715687272997457e+02
5.702851425712855693e-02,3.348210683440224211e-01,8.460728159151778005e-01,1.393352486353294353e+02
5.752876438219109434e-02,3.330285036653771735e-01,8.460392727329589801e-01,-2.707629221173150214e+01
5.802901450725362481e-02,3.312168166752438858e-01,8.460541875535960710e-01,4.556841815468127521e+01
5.852926463231615528e-02,3.294152224235609716e-01,8.460435267637090861e-01,-2.037341510043404469e+02
5.902951475737868575e-02,3.276639007632095590e-01,8.459054737383615574e-01,6.998320876784981692e+02
5.952976488244121622e-02,3.263579224442351712e-01,8.446389072112338026e-01,-1.050411056766657111e+03
6.003001500750374669e-02,3.245348257464708563e-01,8.446827342674215755e-01,1.552215268439200031e+02
6.053026513256627716e-02,3.227380801160353863e-01,8.446597872382769490e-01,-4.061928034404862053e+00
6.103051525762880763e-02,3.209415567808320269e-01,8.446362754174823184e-01,-1.412033729056515483e+02
6.153076538269133811e-02,3.191090989962719893e-01,8.447038264518649253e-01,9.685844897488700553e+02
6.203101550775387552e-02,3.177934321328946821e-01,8.434617629101958114e-01,-5.993697923174103153e+02
6.253126563281639905e-02,3.160636426795787601e-01,8.432691391707671791e-01,1.812262373305722178e+02
6.303151575787893646e-02,3.142583653801813703e-01,8.432678113192627611e-01,-4.909961909729312168e+01
6.353176588294145999e-02,3.124496894753218124e-01,8.432750959700674454e-01,8.349551705143911207e+00
6.403201600800399740e-02,3.106448264462000619e-01,8.432727183045581887e-01,-1.598144040145172085e+00
6.453226613306653481e-02,3.088386747951925027e-01,8.432736061721347598e-01,3.614184018738126447e+00
6.503251625812905834e-02,3.070327415972032292e-01,8.432739404517534121e-01,-1.214251319776645488e+01
6.553276638319159575e-02,3.052328911289461932e-01,8.432588603165454000e-01,-2.078980177848000466e+01
6.603301650825411928e-02,3.033861013834994180e-01,8.433627303110214912e-01,2.923383333537964290e+02
6.653326663331665669e-02,3.019033288069801757e-01,8.425441342212393048e-01,-3.270162447029160546e+01
6.703351675837918022e-02,3.003868583480401866e-01,8.418109323924694021e-01,-2.025489900330639443e+02
6.753376688344171763e-02,2.985555587793050081e-01,8.418755494399041694e-01,-1.682287077758513760e+02
6.803401700850424116e-02,2.967441166545438103e-01,8.418898430500788566e-01,1.118995474000319746e+03
6.853426713356677857e-02,2.954431722355532197e-01,8.406105204696814326e-01,-7.890003104739586206e+02
6.903451725862931598e-02,2.936790987597909797e-01,8.405047809014170035e-01,2.501141815465844331e+02
6.953476738369183952e-02,2.918575196815307304e-01,8.405447629275980548e-01,2.508476058307762102e+01
7.003501750875437692e-02,2.902471296837871306e-01,8.400495790150598330e-01,2.318942109386007928e+02
7.053526763381690046e-02,2.888565076948755861e-01,8.389974900714548545e-01,-5.924750300480374108e+02
7.103551775887943787e-02,2.869586790038379243e-01,8.392306929622784795e-01,4.612398584863807400e+02
7.153576788394196140e-02,2.855221420443484481e-01,8.382949552793933501e-01,-1.161631809776558555e+02
7.203601800900449881e-02,2.839662928466016867e-01,8.376615617362098698e-01,-1.286908463642490403e+02
7.253626813406702234e-02,2.821392118053634435e-01,8.377154861843968403e-01,-1.983558685378521602e+02
7.303651825912955975e-02,2.803431694132223484e-01,8.376907567726160631e-01,9.936881408281436734e+02
7.353676838419209716e-02,2.790451954454989392e-01,8.364039070039709367e-01,-8.409231555003335643e+02
7.403701850925462069e-02,2.772507022334398941e-01,8.363752522023392144e-01,8.065338366202477971e+01
7.453726863431715810e-02,2.755747172859842054e-01,8.360462901785622458e-01,3.946265013912350810e+02
7.503751875937968163e-02,2.742338407738147965e-01,8.348681430754720800e-01,-7.930002290649515544e+02
7.553776888444221904e-02,2.723549427176074067e-01,8.350533746681361169e-01,2.908903779414713995e+02
7.603801900950474257e-02,2.708333916532040808e-01,8.343330676039116822e-01,6.164828754555203716e+01
7.653826913456727998e-02,2.693760757063654032e-01,8.334499854531947083e-01,-4.165830245234881772e+02
7.703851925962980352e-02,2.674821402145678428e-01,8.336733214050465746e-01,6.167419399570402447e+02
7.753876938469234092e-02,2.660969009319977263e-01,8.326076044335627424e-01,-2.311294672666424219e+02
7.803901950975487833e-02,2.644891609274327426e-01,8.321057108189304774e-01,-1.725366640642303935e+02
7.853926963481740187e-02,2.626477571012743595e-01,8.321959292041728462e-01,1.077910348047295429e+03
7.903951975987993928e-02,2.613554386608663016e-01,8.308947332600196134e-01,-9.664102679448579920e+02
7.953976988494246281e-02,2.595976408712851180e-01,8.307730895197854570e-01,1.349487400880602991e+03
8.004002001000500022e-02,2.583064626260532237e-01,8.294690043691786974e-01,-1.160824305240583953e+03
8.054027013506752375e-02,2.565484977518815435e-01,8.293477846357640848e-01,1.203893071367721632e+03
8.104052026013006116e-02,2.552581965706357536e-01,8.280414915600903258e-01,-1.338311249160056150e+03
8.154077038519258469e-02,2.535031992954354663e-01,8.279127513633157687e-01,1.013900185846085265e+03
8.204102051025512210e-02,2.522060926567515904e-01,8.266236890782450164e-01,-1.388761213880674632e+03
8.254127063531765951e-02,2.504611750765451950e-01,8.264694082108232642e-01,8.251136693842659042e+02
8.304152076038018304e-02,2.491499121056300614e-01,8.252162330925253420e-01,-1.141374159070653150e+03
8.354177088544272045e-02,2.474219092920111884e-01,8.250190864958628634e-01,6.542758602375387227e+02
8.404202101050524398e-02,2.460902946411037684e-01,8.238174693391691061e-01,-8.971134828905810537e+02
8.454227113556778139e-02,2.443829536432187977e-01,8.235679689674327841e-01,5.151631940945677570e+02
8.504252126063030492e-02,2.430322384905512223e-01,8.224147669437994468e-01,-7.168525089246172683e+02
8.554277138569284233e-02,2.413101388283183935e-01,8.222026609948448472e-01,5.615196212230890751e+02
8.604302151075536587e-02,2.400653697793734276e-01,8.207809715469046585e-01,-1.778838334989883663e+02
8.654327163581790328e-02,2.387461653337805689e-01,8.195479080126271132e-01,1.520295193790818473e+02
8.704352176088044069e-02,2.374260246522759132e-01,8.183172298588938798e-01,-9.953036012151840168e+02
8.754377188594296422e-02,2.356581715534976085e-01,8.182210676599415144e-01,8.355042896747858094e+02
8.804402201100550163e-02,2.343832442824073659e-01,8.168758001642923983e-01,-1.814904736406411132e+02
8.854427213606802516e-02,2.330640731402293386e-01,8.156426160533546410e-01,3.370341013455517754e+01
8.904452226113056257e-02,2.317393917265454795e-01,8.144234309791886783e-01,1.039285512953885160e+01
8.954477238619308610e-02,2.304283548330980369e-01,8.131697184741853990e-01,-3.837788254963717804e+01
9.004502251125562351e-02,2.290860679134056888e-01,8.119949687372913782e-01,1.058781060575867343e+02
9.054527263631814704e-02,2.278439368750396765e-01,8.105672036782026746e-01,-2.384268107291476042e+02
9.104552276138068445e-02,2.262669427700258751e-01,8.099857700207199196e-01,-5.211634190931558663e+00
9.154577288644322186e-02,2.246902896206204314e-01,8.094129710361561703e-01,2.380917692812660391e+02
9.204602301150574539e-02,2.234343572658998300e-01,8.079908939890241282e-01,-8.974445717120855193e+01
9.254627313656828280e-02,2.221327744567574147e-01,8.067962367744738739e-01,9.128922959197412368e+00
9.304652326163080633e-02,2.207240566178928498e-01,8.055904430452021092e-01,-3.020187788287648445e+01
9.354677338669334374e-02,2.195622072048730999e-01,8.042912189350894803e-01,7.669710464490170807e+02
9.404702351175586728e-02,2.193354148283271632e-01,8.025834677327933209e-01,-6.454161477623691781e+02
9.454727363681840469e-02,2.178088502073910193e-01,8.014405274033490345e-01,1.706346889588895408e+02
9.504752376188092822e-02,2.165301723206878026e-01,8.001897539872381282e-01,-5.835960156030246537e+01
9.554777388694346563e-02,2.152084202867146079e-01,7.989576943628738936e-01,-2.550547424175741984e+00
9.604802401200598916e-02,2.138773165231089290e-01,7.977297214318814778e-01,5.043111347042656689e+01
9.654827413706852657e-02,2.126128698413757290e-01,7.964727857020382773e-01,-1.480346025817096347e+02
9.704852426213106398e-02,2.110713900494320394e-01,7.953361231885015536e-01,4.515429981665819810e+02
9.754877438719358751e-02,2.107018963162952674e-01,7.936907224099446490e-01,-3.597102422357451132e+02
9.804902451225612492e-02,2.097753212074384144e-01,7.922871192585360101e-01,-1.792435730921438051e+02
9.854927463731864845e-02,2.080746895526550955e-01,7.912195428862471847e-01,5.437727651373143090e+02
9.904952476238118586e-02,2.077737955766382205e-01,7.895443637059603725e-01,-6.039375106126836954e+02
9.954977488744370939e-02,2.065997417403619418e-01,7.882481893995813005e-01,4.376989394853930548e+02
1.000500250125062468e-01,2.062624374811360684e-01,7.865888022115720135e-01,-9.191668164242280454e+02
1.005502751375687703e-01,2.050142658255988126e-01,7.853248261543167574e-01,5.097876422767581630e+02
1.010505252626313077e-01,2.047475861980763145e-01,7.836347898806318435e-01,-1.253767257710686245e+01
1.015507753876938452e-01,2.044977672353702480e-01,7.819374567798517139e-01,-5.308865086120928254e+02
1.020510255127563687e-01,2.032062095484695186e-01,7.806922522183191715e-01,9.875319408048904961e+02
1.025512756378189061e-01,2.032888165592265650e-01,7.788510673856666733e-01,-1.183674927850027672e+02
1.030515257628814296e-01,2.032581630206700130e-01,7.770564091414507990e-01,2.404930748757226766e+01
1.035517758879439670e-01,2.033040808495724105e-01,7.752650616512138937e-01,1.224302598715870083e+01
1.040520260130064906e-01,2.033867809042238239e-01,7.735225738794143657e-01,1.317006573877654141e+01
1.045522761380690280e-01,2.035056986038748794e-01,7.718287786929921568e-01,1.416521314971072698e+01
1.050525262631315515e-01,2.036605427437709337e-01,7.701832511417527893e-01,1.523082103503534057e+01
1.055527763881940889e-01,2.038510221191575655e-01,7.685855662755032291e-01,1.636847882956276123e+01
1.060530265132566263e-01,2.040768455252801317e-01,7.670352991440485546e-01,1.757875126918883524e+01
1.065532766383191499e-01,2.043377217573840166e-01,7.655320247971951764e-01,1.886087715692193711e+01
1.070535267633816873e-01,2.046333596107147712e-01,7.640753182847497271e-01,2.021243254397182554e+01
1.075537768884442108e-01,2.049634678805177801e-01,7.626647546565173963e-01,2.162896783608641016e+01
1.080540270135067482e-01,2.053277553620384832e-01,7.612999089623048166e-01,2.310363501735832159e+01
1.085542771385692717e-01,2.057259308505222928e-01,7.599803562519179545e-01,2.462682919371626156e+01
1.090545272636318092e-01,2.061577031412147043e-01,7.587056715751625546e-01,2.618587745514274090e+01
1.095547773886943327e-01,2.066227810293610190e-01,7.574754299818449166e-01,2.776481660880049063e+01
1.100550275137568701e-01,2.071208733102068711e-01,7.562892065217713400e-01,2.934430805340350545e+01
1.105552776388194075e-01,2.076516887789975896e-01,7.551465762447474583e-01,3.090174084135764332e+01
1.110555277638819310e-01,2.082149362309785590e-01,7.540471142005799043e-01,3.241157042171707303e+01
1.115557778889444684e-01,2.088103244613953302e-01,7.529903954390739784e-01,3.384592848276570010e+01
1.120560280140069920e-01,2.094375622654933156e-01,7.519759950100364243e-01,3.517551743243040363e+01
1.125562781390695294e-01,2.100963584385178995e-01,7.510034879632729865e-01,3.637077180773262342e+01
1.130565282641320529e-01,2.107864217757145497e-01,7.500724493485897426e-01,3.740323113764469554e+01
1.135567783891945903e-01,2.115074610723287063e-01,7.491824542157926592e-01,3.824702995002786565e+01
1.140570285142571139e-01,2.122591851236058369e-01,7.483330776146881469e-01,3.888037817506245375e+01
1.145572786393196513e-01,2.130413027247913260e-01,7.475238945950819502e-01,3.928688712093370583e+01
1.150575287643821887e-01,2.138535226711306414e-01,7.467544802067803689e-01,3.945659879011601134e+01
1.155577788894447122e-01,2.146955537578691675e-01,7.460244094995893693e-01,3.938660203554185557e+01
1.160580290145072496e-01,2.155671047802524831e-01,7.453332575233149182e-01,3.908116520010673156e+01
1.165582791395697732e-01,2.164678845335258617e-01,7.446805993277633151e-01,3.855137366906787832e+01
1.170585292646323106e-01,2.173976018129347709e-01,7.440660099627403046e-01,3.781432117543204896e+01
1.175587793896948341e-01,2.183559654137247619e-01,7.434890644780521862e-01,3.689195438572515684e+01
1.180590295147573715e-01,2.193426841311411635e-01,7.429493379235050377e-01,3.580970258615425195e+01
1.185592796398198950e-01,2.203574667604294157e-01,7.424464053489048254e-01,3.459503423134417233e+01
1.190595297648824324e-01,2.214000220968350696e-01,7.419798418040577381e-01,3.327607092508046804e+01
1.195597798899449699e-01,2.224700589356033986e-01,7.415492223387695203e-01,3.188036238420675161e+01
1.200600300150074934e-01,2.235672860719799537e-01,7.411541220028466936e-01,3.043389048957419973e+01
1.205602801400700308e-01,2.246914123012101749e-01,7.407941158460951137e-01,2.896033401078796388e+01
1.210605302651325543e-01,2.258421464185393912e-01,7.404687789183206359e-01,2.748059374037254443e+01
1.215607803901950917e-01,2.270191972192131535e-01,7.401776862693295600e-01,2.601255395453617325e+01
1.220610305152576153e-01,2.282222734984768187e-01,7.399204129489279635e-01,2.457104136758798418e+01
1.225612806403201527e-01,2.294510840515759098e-01,7.396965340069218131e-01,2.316793632048544183e+01
1.230615307653826762e-01,2.307053376737557837e-01,7.395056244931172973e-01,2.181239105784303334e+01
1.235617808904452136e-01,2.319847431602619636e-01,7.393472594573203827e-01,2.051111446374484970e+01
1.240620310155077510e-01,2.332890093063398063e-01,7.392210139493371468e-01,1.926868954250559796e+01
1.245622811405702746e-01,2.346178449072348349e-01,7.391264630189737783e-01,1.808789764969503011e+01
1.250625312656327981e-01,2.359709587581923229e-01,7.390631817160360217e-01,1.697003089703568079e+01
1.255627813906953494e-01,2.373480596544579879e-01,7.390307450903305098e-01,1.591518062517555698e+01
1.260630315157578729e-01,2.387488563912769368e-01,7.390287281916625428e-01,1.492249507554177868e+01
1.265632816408203964e-01,2.401730577638948039e-01,7.390567060698387536e-01,1.399040336175811738e+01
1.270635317658829200e-01,2.416203725675570291e-01,7.391142537746652197e-01,1.311680565809866650e+01
1.275637818909454713e-01,2.430905095975090524e-01,7.392009463559477966e-01,1.229923137564528801e+01
1.280640320160079948e-01,2.445831776489962028e-01,7.393163588634924510e-01,1.153496819460506728e+01
1.285642821410705183e-01,2.460980855172639481e-01,7.394600663471053714e-01,1.082116535999920615e+01
1.290645322661330696e-01,2.476349419975578947e-01,7.396316438565928575e-01,1.015491479600525260e+01
1.295647823911955931e-01,2.491934558851232606e-01,7.398306664417606537e-01,9.533313486495440969e+00
1.300650325162581167e-01,2.507733359752055136e-01,7.400567091524149488e-01,8.953510308075591340e+00
1.305652826413206402e-01,2.523742910630502601e-01,7.403093470383619312e-01,8.412740161043101850e+00
1.310655327663831915e-01,2.539960299439028568e-01,7.405881551494074566e-01,7.908347873849554510e+00
1.315657828914457150e-01,2.556382614130086051e-01,7.408927085353574915e-01,7.437803990744327187e+00
1.320660330165082386e-01,2.573006942656130835e-01,7.412225822460184466e-01,6.998714210024824744e+00
1.325662831415707621e-01,2.589830372969617045e-01,7.415773513311962883e-01,6.588823932206111955e+00
1.330665332666333134e-01,2.606849993022999357e-01,7.419565908406968724e-01,6.206019107673309776e+00
1.335667833916958369e-01,2.624062890768731338e-01,7.423598758243263873e-01,5.848324342222585237e+00
1.340670335167583604e-01,2.641466154159267665e-01,7.427867813318911328e-01,5.513899024160815010e+00
1.345672836418209117e-01,2.659056871147063572e-01,7.432368824131968532e-01,5.201032074874204270e+00
1.350675337668834353e-01,2.676832129684572070e-01,7.437097541180497373e-01,4.908135792000928532e+00
1.355677838919459588e-01,2.694789017724247837e-01,7.442049714962559737e-01,4.633739146491555161e+00
1.360680340170084823e-01,2.712924623218545550e-01,7.447221095976211958e-01,4.376480808054673766e+00
1.365682841420710336e-01,2.731236034119920997e-01,7.452607434719519253e-01,4.135102104257430078e+00
1.370685342671335571e-01,2.749720338380826079e-01,7.458204481690541288e-01,3.908440063794686115e+00
1.375687843921960807e-01,2.768374623953716029e-01,7.464007987387336618e-01,3.695420651493899644e+00
1.380690345172586320e-01,2.787195978791046636e-01,7.470013702307968240e-01,3.495052269234623754e+00
1.385692846423211555e-01,2.806181490845270354e-01,7.476217376950496929e-01,3.306419571248290890e+00
1.390695347673836790e-01,2.825328248068841863e-01,7.482614761812981241e-01,3.128677622673142533e+00
1.395697848924462026e-01,2.844633338414216950e-01,7.489201607393484172e-01,2.961046415498490791e+00
1.400700350175087538e-01,2.864093849833848626e-01,7.495973664190065389e-01,2.802805745108452928e+00
1.405702851425712774e-01,2.883706870280191015e-01,7.502926682700784555e-01,2.653290442696301987e+00
1.410705352676338009e-01,2.903469487705699903e-01,7.510056413423703559e-01,2.511885953198073729e+00
1.415707853926963244e-01,2.923378790062827748e-01,7.517358606856882064e-01,2.378024244556954603e+00
1.420710355177588757e-01,2.943431865304032558e-01,7.524829013498381958e-01,2.251180031655492186e+00
1.425712856428213993e-01,2.963625801381764568e-01,7.532463383846264016e-01,2.130867296809365374e+00
1.430715357678839228e-01,2.983957686248479568e-01,7.540257468398586793e-01,2.016636088042103925e+00
1.435717858929464741e-01,3.004424607856633345e-01,7.548207017653413287e-01,1.908069576252295230e+00
1.440720360180089976e-01,3.025023654158677799e-01,7.556307782108803162e-01,1.804781352684356799e+00
1.445722861430715211e-01,3.045751913107069830e-01,7.564555512262816084e-01,1.706412948699582266e+00
1.450725362681340447e-01,3.066606472654261339e-01,7.572945958613515050e-01,1.612631560622843407e+00
1.455727863931965960e-01,3.087584420752709780e-01,7.581474871658959724e-01,1.523127963340404900e+00
1.460730365182591195e-01,3.108682845354866497e-01,7.590138001897210884e-01,1.437614597293574104e+00
1.465732866433216430e-01,3.129898834413186171e-01,7.598931099826325974e-01,1.355823814511032399e+00
1.470735367683841943e-01,3.151229475880125697e-01,7.607849915944370212e-01,1.277506270321569826e+00
1.475737868934467178e-01,3.172671857708138088e-01,7.616890200749404372e-01,1.202429448367412501e+00
1.480740370185092414e-01,3.194223067849675246e-01,7.626047704739483679e-01,1.130376307482255926e+00
1.485742871435717649e-01,3.215880194257195734e-01,7.635318178412675572e-01,1.061144039898363145e+00
1.490745372686343162e-01,3.237640324883153120e-01,7.644697372267038604e-01,9.945429310971307668e-01
1.495747873936968397e-01,3.259500547679997640e-01,7.654181036800629112e-01,9.303953124147434917e-01
1.500750375187593633e-01,3.281457950600187856e-01,7.663764922511512312e-01,8.685345982575324308e-01
1.505752876438218868e-01,3.303509621596177892e-01,7.673444779897747869e-01,8.088044004708313528e-01
1.510755377688844381e-01,3.325652648620420204e-01,7.683216359457394340e-01,7.510577130416108416e-01
1.515757878939469616e-01,3.347884119625370580e-01,7.693075411688516940e-01,6.951561609012303355e-01
1.520760380190094851e-01,3.370201122563482588e-01,7.703017687089172005e-01,6.409693071325567315e-01
1.525762881440720364e-01,3.392600745387212013e-01,7.713038936157422532e-01,5.883740133783802451e-01
1.530765382691345600e-01,3.415080076049011315e-01,7.723134909391327074e-01,5.372538486981929262e-01
1.535767883941970835e-01,3.437636202501335725e-01,7.733301357288948630e-01,4.874985425310494058e-01
1.540770385192596070e-01,3.460266212696639920e-01,7.743534030348346864e-01,4.390034777963519041e-01
1.545772886443221583e-01,3.482967194587378579e-01,7.753828679067582552e-01,3.916692205044927655e-01
1.550775387693846818e-01,3.505736236126004712e-01,7.764181053944716471e-01,3.454010825583798128e-01
1.555777888944472054e-01,3.528570425264972998e-01,7.774586905477808285e-01,3.001087147072106776e-01
1.560780390195097567e-01,3.551466849956739780e-01,7.785041984164920992e-01,2.557057268680233975e-01
1.565782891445722802e-01,3.574422598153757513e-01,7.795542040504112036e-01,2.121093332605581971e-01
1.570785392696348037e-01,3.597434757808480876e-01,7.806082824993445524e-01,1.692400200090048712e-01
1.575787893946973273e-01,3.620500416873362881e-01,7.816660088130977790e-01,1.270212330521693356e-01
1.580790395197598786e-01,3.643616663300862091e-01,7.827269580414775163e-01,8.537908437303860787e-02
1.585792896448224021e-01,3.666780585043428742e-01,7.837907052342892866e-01,4.424207471149112919e-02
1.590795397698849256e-01,3.689989270053518067e-01,7.848568254413395007e-01,3.540831061159922973e-03
1.595797898949474491e-01,3.713239806283585298e-01,7.859248937124340140e-01,-3.679214262514058503e-02
1.600800400200100004e-01,3.736529281686086779e-01,7.869944850973792372e-01,-7.682270298667551178e-02
1.605802901450725240e-01,3.759854784213472190e-01,7.880651746459806928e-01,-1.166152944292298960e-01
1.610805402701350475e-01,3.783213401818199539e-01,7.891365374080449024e-01,-1.562331672014054817e-01
1.615807903951975988e-01,3.806602222452722950e-01,7.902081484333779438e-01,-1.957385875733441971e-01
1.620810405202601223e-01,3.830018334069494323e-01,7.912795827717854502e-01,-2.351930412496468503e-01
1.625812906453226458e-01,3.853458824620969447e-01,7.923504154730737215e-01,-2.746574310876798708e-01
1.630815407703851694e-01,3.876920782059603554e-01,7.934202215870490571e-01,-3.141922701396155926e-01
1.635817908954477207e-01,3.900401294337850766e-01,7.944885761635170907e-01,-3.538578709909148690e-01
1.640820410205102442e-01,3.923897449408164095e-01,7.955550542522843438e-01,-3.937145323288173682e-01
1.645822911455727677e-01,3.947406335222999885e-01,7.966192309031565610e-01,-4.338227236414527455e-01
1.650825412706353190e-01,3.970925039734811146e-01,7.976806811659399310e-01,-4.742432689207846108e-01
1.655827913956978426e-01,3.994450650896052002e-01,7.987389800904406423e-01,-5.150375302205796313e-01
1.660830415207603661e-01,4.017980256659177685e-01,7.997937027264644394e-01,-5.562675919033800431e-01
1.665832916458228896e-01,4.041510944976641762e-01,8.008444241238175110e-01,-5.979964463977096578e-01
1.670835417708854409e-01,4.065039803800901130e-01,8.018907193323061566e-01,-6.402881822783119681e-01
1.675837918959479644e-01,4.088563921084406583e-01,8.029321634017361209e-01,-6.832081754774813609e-01
1.680840420210104880e-01,4.112080384779613351e-01,8.039683313819135924e-01,-7.268232844344543198e-01
1.685842921460730115e-01,4.135586282838977779e-01,8.049987983226447597e-01,-7.712020499917650040e-01
1.690845422711355628e-01,4.159078703214953987e-01,8.060231392737355893e-01,-8.164149008523675644e-01
1.695847923961980863e-01,4.182554733859993323e-01,8.070409292849920480e-01,-8.625343654184960407e-01
1.700850425212606098e-01,4.206011462726553241e-01,8.080517434062204352e-01,-9.096352908425558992e-01
1.705852926463231611e-01,4.229445977767087861e-01,8.090551566872264955e-01,-9.577950701309821957e-01
1.710855427713856847e-01,4.252855366934050196e-01,8.100507441778167506e-01,-1.007093878153755062e+00
1.715857928964482082e-01,4.276236718179894369e-01,8.110380809277968339e-01,-1.057614917424291034e+00
1.720860430215107317e-01,4.299587119457075612e-01,8.120167419869728231e-01,-1.109444674525879471e+00
1.725862931465732830e-01,4.322903658718049713e-01,8.129863024051511289e-01,-1.162673188071152275e+00
1.730865432716358066e-01,4.346183423915269128e-01,8.139463372321376067e-01,-1.217394329088810512e+00
1.735867933966983301e-01,4.369423503001187425e-01,8.148964215177382231e-01,-1.273706094736096528e+00
1.740870435217608814e-01,4.392620983928263168e-01,8.158361303117593888e-01,-1.331710916234384312e+00
1.745872936468234049e-01,4.415772954648944926e-01,8.167650386640067373e-01,-1.391515981917511136e+00
1.750875437718859284e-01,4.438876503115691263e-01,8.176827216242865681e-01,-1.453233576265510640e+00
1.755877938969484520e-01,4.461928717280955192e-01,8.185887542424050700e-01,-1.516981435767896791e+00
1.760880440220110033e-01,4.484926685097192500e-01,8.194827115681682095e-01,-1.582883122417785282e+00
1.765882941470735268e-01,4.507867494516854534e-01,8.203641686513817310e-01,-1.651068415577002568e+00
1.770885442721360503e-01,4.530748233492397081e-01,8.212327005418519343e-01,-1.721673722869207168e+00
1.775887943971985738e-01,4.553565989976275374e-01,8.220878822893852300e-01,-1.794842510647423284e+00
1.780890445222611251e-01,4.576317851920945201e-01,8.229292889437872516e-01,-1.870725754439072519e+00
1.785892946473236487e-01,4.599000907278856243e-01,8.237564955548639656e-01,-1.949482409588084053e+00
1.790895447723861722e-01,4.621612244002467063e-01,8.245690771724221158e-01,-2.031279902082434141e+00
1.795897948974487235e-01,4.644148950044231228e-01,8.253666088462670025e-01,-2.116294639266500077e+00
1.800900450225112470e-01,4.666608113356601195e-01,8.261486656262050365e-01,-2.204712539780405489e+00
1.805902951475737706e-01,4.688986821892031642e-01,8.269148225620421844e-01,-2.296729581629759043e+00
1.810905452726362941e-01,4.711282163602980022e-01,8.276646547035848567e-01,-2.392552366753804893e+00
1.815907953976988454e-01,4.733491226441898791e-01,8.283977371006386869e-01,-2.492398699811043450e+00
1.820910455227613689e-01,4.755611098361240408e-01,8.291136448030097528e-01,-2.596498178118039846e+00
1.825912956478238924e-01,4.777638867313462323e-01,8.298119528605044648e-01,-2.705092788736937592e+00
1.830915457728864437e-01,4.799571621251017550e-01,8.304922363229286786e-01,-2.818437507582885360e+00
1.835917958979489673e-01,4.821406448126360211e-01,8.311540702400884717e-01,-2.936800894084496960e+00
1.840920460230114908e-01,4.843140435891944429e-01,8.317970296617896997e-01,-3.060465673343990556e+00
1.845922961480740143e-01,4.864770672500225435e-01,8.324206896378388842e-01,-3.189729295869785375e+00
1.850925462731365656e-01,4.886294245903658462e-01,8.330246252180417699e-01,-3.324904462750637890e+00
1.855927963981990891e-01,4.907708244054694857e-01,8.336084114522044342e-01,-3.466319601558109920e+00
1.860930465232616127e-01,4.929009754905792628e-01,8.341716233901332878e-01,-3.614319275251635322e+00
1.865932966483241362e-01,4.950195866409402567e-01,8.347138360816337421e-01,-3.769264502860327770e+00
1.870935467733866875e-01,4.971263666517982682e-01,8.352346245765125410e-01,-3.931532966668867868e+00
1.875937968984492110e-01,4.992210243183983764e-01,8.357335639245750958e-01,-4.101519075978152351e+00
1.880940470235117346e-01,5.013032684359863822e-01,8.362102291756282613e-01,-4.279633852183539311e+00
1.885942971485742858e-01,5.033728077998075312e-01,8.366641953794774489e-01,-4.466304593853759997e+00
1.890945472736368094e-01,5.054293512051071247e-01,8.370950375859289583e-01,-4.661974273650283607e+00
1.895947973986993329e-01,5.074726074471307413e-01,8.375023308447888670e-01,-4.867100611258793563e+00
1.900950475237618564e-01,5.095022853211237379e-01,8.378856502058629196e-01,-5.082154757991530936e+00
1.905952976488244077e-01,5.115180936223319152e-01,8.382445707189579709e-01,-5.307619519371401751e+00
1.910955477738869313e-01,5.135197411460001859e-01,8.385786674338792102e-01,-5.543987031878444327e+00
1.915957978989494548e-01,5.155069366873744618e-01,8.388875154004333812e-01,-5.791755799238473834e+00
1.920960480240119783e-01,5.174793890416997666e-01,8.391706896684261174e-01,-6.051426982353521389e+00
1.925962981490745296e-01,5.194368070042219010e-01,8.394277652876637186e-01,-6.323499825511529338e+00
1.930965482741370531e-01,5.213788993701858887e-01,8.396583173079519291e-01,-6.608466090297372197e+00
1.935967983991995767e-01,5.233053749348374195e-01,8.398619207790972707e-01,-6.906803358259904435e+00
1.940970485242621280e-01,5.252159424934221832e-01,8.400381507509055989e-01,-7.218967054676324935e+00
1.945972986493246515e-01,5.271103108411852034e-01,8.401865822731828803e-01,-7.545381039755976182e+00
1.950975487743871750e-01,5.289881887733719479e-01,8.403067903957351925e-01,-7.886426611692178845e+00
1.955977988994496986e-01,5.308492850852281064e-01,8.403983501683688351e-01,-8.242429769790414085e+00
1.960980490245122498e-01,5.326933085719989247e-01,8.404608366408895526e-01,-8.613646597530724591e+00
1.965982991495747734e-01,5.345199680289299815e-01,8.404938248631037556e-01,-9.000246647296963332e+00
1.970985492746372969e-01,5.363295327927148914e-01,8.404980608585769231e-01,4.197350618948475720e+00
1.975987993996998482e-01,5.381381868656630596e-01,8.405058401710285843e-01,-3.997449071220700034e+01
1.980990495247623717e-01,5.399373116466410494e-01,8.404888362213175368e-01,1.950575361543467636e+02
1.985992996498248953e-01,5.417096442662900913e-01,8.404040230918135013e-01,-8.154437298666930474e+02
1.990995497748874188e-01,5.430089679717824414e-01,8.391205108647623589e-01,1.077733293011057413e+03
1.995997998999499701e-01,5.448194968790524007e-01,8.391324914991629136e-01,-1.694952389622180249e+02
2.001000500250124936e-01,5.466168908058406384e-01,8.391111857829645082e-01,1.280355177710555736e+01
2.006003001500750171e-01,5.484135171013673204e-01,8.390879344877861801e-01,1.254475047688545430e+02
2.011005502751375407e-01,5.502537282997085333e-01,8.391751360023055328e-01,-8.705805465704855806e+02
2.016008004002000920e-01,5.515831097235589509e-01,8.379677940627714428e-01,5.006337348422042055e+02
2.021010505252626155e-01,5.532879508896298981e-01,8.377119411685383099e-01,-1.290896554020912959e+02
2.026013006503251390e-01,5.550980563007185120e-01,8.377228485657221002e-01,5.930835875489385955e+01
2.031015507753876903e-01,5.568983828479229237e-01,8.377089758162654665e-01,3.495573549439910721e+01
2.036018009004502138e-01,5.587480210805491065e-01,8.378200598133375143e-01,-3.893941777832882849e+02
2.041020510255127374e-01,5.601924708484817828e-01,8.369043841645918969e-01,1.115183379137361754e+02
2.046023011505752609e-01,5.617473015594556252e-01,8.362684171151401058e-01,1.468474054898584598e+02
2.051025512756378122e-01,5.635835287787144265e-01,8.363455173501425088e-01,2.049273889099596957e+01
2.056028014007003357e-01,5.653867823304680185e-01,8.363390613113934613e-01,-1.572426224176628473e+01
2.061030515257628593e-01,5.671922495529008179e-01,8.363382148018863038e-01,2.472703550875807288e+00
2.066033016508254105e-01,5.689974883389292692e-01,8.363367892744978382e-01,5.940336192171232987e+00
2.071035517758879341e-01,5.708064815334300546e-01,8.363448782077479438e-01,-4.163399114044035088e+01
2.076038019009504576e-01,5.726064499345020486e-01,8.363300965226668771e-01,1.983923209410173740e+02
2.081040520260129811e-01,5.743719764158357055e-01,8.362280322175139613e-01,-7.758726747892343383e+02
2.086043021510755324e-01,5.756730893320164411e-01,8.349490522896799716e-01,1.097881892986207959e+03
2.091045522761380560e-01,5.774884844170899978e-01,8.349733648675733422e-01,-1.644656855640664332e+02
2.096048024012005795e-01,5.792829584366949724e-01,8.349446593369580505e-01,2.832604108413616828e+01
2.101050525262631030e-01,5.810919618377994311e-01,8.349527741263231828e-01,-3.084996819850758243e+00
2.106053026513256543e-01,5.828971674570850858e-01,8.349512645870998950e-01,5.420480752960828985e-01
2.111055527763881778e-01,5.847029224087832988e-01,8.349511471646183791e-01,-2.355075114279996384e+00
2.116058029014507014e-01,5.865105319035269771e-01,8.349557295200813467e-01,-7.721467437192104377e+00
2.121060530265132527e-01,5.883049192943214933e-01,8.349268044556505952e-01,9.638655164361496475e+01
2.126063031515757762e-01,5.901551857925303457e-01,8.350394880733613689e-01,-6.618881020130969546e+02
2.131065532766382997e-01,5.915227444048704042e-01,8.339288946672592795e-01,3.230334663449965547e+02
2.136068034017008233e-01,5.931706464296844228e-01,8.335287467376629733e-01,-1.961669041969015481e+01
2.141070535267633745e-01,5.949903059231443914e-01,8.335638661765562007e-01,7.879168590354605328e+01
2.146073036518258981e-01,5.967921543175799259e-01,8.335538495964172068e-01,-3.124213224306680026e+00
2.151075537768884216e-01,5.986354046492916581e-01,8.336487464686449522e-01,-2.464941597158108664e+02
2.156078039019509729e-01,6.001390019462047309e-01,8.328829524547212149e-01,-1.038518757989736407e+01
2.161080540270134964e-01,6.016320307987783611e-01,8.320903776229464643e-01,2.705656294846215815e+02
2.166083041520760200e-01,6.034774933993158896e-01,8.321908805948402543e-01,-1.527842852799620310e+01
2.171085542771385435e-01,6.052778263422277094e-01,8.321770236453563951e-01,-1.354693920530141682e+01
2.176088044022010948e-01,6.070836786365194637e-01,8.321771528996787515e-01,3.579925137340807417e+00
2.181090545272636183e-01,6.088896779397554582e-01,8.321776546792860607e-01,-6.249512082804797863e-01
2.186093046523261418e-01,6.106954113168658882e-01,8.321774825931190778e-01,1.197309252412748215e-01
2.191095547773886654e-01,6.125012389183072115e-01,8.321775492773850758e-01,-2.526723562559393677e-01
2.196098049024512167e-01,6.143070427969565817e-01,8.321775558456482313e-01,9.734896150067305909e-01
2.201100550275137402e-01,6.161124509161332030e-01,8.321765594811295630e-01,1.062826584948975084e+00
2.206103051525762637e-01,6.179211001738192932e-01,8.321837768011723924e-01,-2.140439094474136184e+01
2.211105552776388150e-01,6.197145738999368936e-01,8.321525363294589583e-01,1.435226194130687816e+02
2.216108054027013385e-01,6.215471007802292336e-01,8.322202642572728015e-01,-9.724505559747132111e+02
2.221110555277638621e-01,6.228621623983559008e-01,8.309766330928054501e-01,6.042711208508502523e+02
2.226113056528263856e-01,6.245930995818260723e-01,8.307869126808941074e-01,-1.838617355736324726e+02
2.231115557778889369e-01,6.263981977980784821e-01,8.307851309611866686e-01,4.886511883068334328e+01
2.236118059029514604e-01,6.282068761902751541e-01,8.307924221138431875e-01,-8.209872249697257374e+00
2.241120560280139840e-01,6.300118047615741457e-01,8.307902104803450705e-01,9.376138502731166113e-01
2.246123061530765352e-01,6.318177676720446723e-01,8.307906200664270102e-01,6.910691016093152561e-02
2.251125562781390588e-01,6.336235556275577885e-01,8.307905862821217680e-01,-1.905130284230397569e-02
2.256128064032015823e-01,6.354293238754722406e-01,8.307905025548710798e-01,1.214661312788404418e-01
2.261130565282641058e-01,6.372353374106692891e-01,8.307910404340006494e-01,-1.661579002567131758e+00
2.266133066533266571e-01,6.390402627646862843e-01,8.307888206472756609e-01,1.089380521864301343e+01
2.271135567783891807e-01,6.408477394415492689e-01,8.307930664161271572e-01,-5.976515753618936344e+01
2.276138069034517042e-01,6.426631420186165178e-01,8.308173979802135900e-01,5.977039988926276948e+01
2.281140570285142277e-01,6.443345039454393408e-01,8.304767021112208214e-01,-3.895195117760337666e+02
2.286143071535767790e-01,6.456852597533312421e-01,8.293235270676023729e-01,7.447048691881170726e+02
2.291145572786393025e-01,6.475327214638522122e-01,8.294291028024951551e-01,-1.095344387000385495e+02
2.296148074037018261e-01,6.493265491842318271e-01,8.293987594220962878e-01,1.133363684099560231e+01
2.301150575287643774e-01,6.511344606494507969e-01,8.294041070304457586e-01,1.652473406366264941e+00
2.306153076538269009e-01,6.529400989268651090e-01,8.294036939323028435e-01,-1.102283296760228959e+00
2.311155577788894244e-01,6.547458649462488678e-01,8.294036045574295635e-01,2.047619130704413926e-01
2.316158079039519480e-01,6.565516832031641492e-01,8.294036475634186667e-01,-3.055323899924876352e-02
2.321160580290144992e-01,6.583574805099139393e-01,8.294036374747582041e-01,1.677739817663822207e-03
2.326163081540770228e-01,6.601632823573118092e-01,8.294036388988814679e-01,1.266926282403975455e-03
2.331165582791395463e-01,6.619690836293381508e-01,8.294036388907916058e-01,-3.332674553023933818e-04
2.336168084042020976e-01,6.637748849586370126e-01,8.294036386862251309e-01,4.351505911927620418e-04
2.341170585292646211e-01,6.655806859265140929e-01,8.294036395265701467e-01,-3.143877359059739189e-03
2.346173086543271447e-01,6.673864882464822790e-01,8.294036369022760313e-01,1.821835159607346905e-02
2.351175587793896682e-01,6.691922896037816315e-01,8.294036367244460584e-01,-7.342733588737976325e-02
2.356178089044522195e-01,6.709980636698512635e-01,8.294037057074028496e-01,-6.459003921411600457e-02
2.361180590295147430e-01,6.728040667982289058e-01,8.294031942011651504e-01,1.503998957488923205e+00
2.366183091545772665e-01,6.746089804664345824e-01,8.294054436020535936e-01,-1.032057192336899298e+01
2.371185592796397901e-01,6.764167869259969379e-01,8.294003620987600023e-01,5.740304565298631445e+01
2.376188094047023414e-01,6.782297766162077579e-01,8.293821452661329641e-01,-8.529488718625074739e+01
2.381190595297648649e-01,6.799145818229863636e-01,8.296887732107854907e-01,4.314373377716676146e+02
2.386193096548273884e-01,6.812563506536997160e-01,8.308647230280870044e-01,-7.942624580133638119e+02
2.391195597798899397e-01,6.831015569733772663e-01,8.307648628986776806e-01,1.170730710708070603e+02
2.396198099049524632e-01,6.848951511105764167e-01,8.307957982249516427e-01,-1.348044927949232452e+01
2.401200600300149868e-01,6.867032374537447303e-01,8.307900074413684388e-01,-1.071895039333414790e+00
2.406203101550775103e-01,6.885088284170207684e-01,8.307905404428783669e-01,1.145113246028191201e+00
2.411205602801400616e-01,6.903146018072620071e-01,8.307906111384580905e-01,-2.140913148037385250e-01
2.416208104052025851e-01,6.921204157206489738e-01,8.307905791403871198e-01,2.274807739313962265e-03
2.421210605302651087e-01,6.939262298696935449e-01,8.307905465451294047e-01,2.054156599341105949e-01
2.426213106553276599e-01,6.957319975537097356e-01,8.307906317013794562e-01,-1.116728908065931059e+00
2.431215607803901835e-01,6.975376262186190335e-01,8.307910691593667352e-01,1.552091101096557457e+00
2.436218109054527070e-01,6.993455816961244853e-01,8.307856100170034619e-01,1.179324561497966606e+01
2.441220610305152305e-01,7.011392992207707842e-01,8.308162326450149182e-01,-1.115188417520470523e+02
2.446223111555777818e-01,7.029865840564928359e-01,8.307111051805151636e-01,7.581517283477966203e+02
2.451225612806403054e-01,7.043344084452979326e-01,8.318717088185283437e-01,-4.072822460427286728e+02
2.456228114057028289e-01,7.060111405519970962e-01,8.321987960641911153e-01,1.105762231827331732e+02
2.461230615307653524e-01,7.078292579393553607e-01,8.321675851639002142e-01,-1.860128561082354395e+02
2.466233116558279037e-01,7.095383803551836843e-01,8.324125720945676488e-01,5.214104177123831505e+02
2.471235617808904272e-01,7.108661710353557650e-01,8.336238654153729222e-01,-8.862578077159460008e+02
2.476238119059529508e-01,7.126982797884771070e-01,8.335572028260683775e-01,8.978393519065815553e+01
2.481240620310155021e-01,7.145365723972927352e-01,8.334748613086659930e-01,3.753600210243017727e+02
2.486243121560780256e-01,7.159814176087826443e-01,8.343895957841925837e-01,-1.168361025176383379e+02
2.491245622811405491e-01,7.175407639220444667e-01,8.350141611514758644e-01,-1.147519256905609524e+02
2.496248124062030727e-01,7.193674568413334081e-01,8.349612176496329363e-01,-2.110113703804076408e+02
2.501250625312655962e-01,7.211589536743139295e-01,8.349974679467730976e-01,9.773078444172209629e+02
2.506253126563281475e-01,7.224551661332807573e-01,8.362888665574624847e-01,-9.662611177317751299e+02
2.511255627813906988e-01,7.242452109271571015e-01,8.363287962338339376e-01,2.135673806592697872e+02
2.516258129064531945e-01,7.260716100544977181e-01,8.362766022060913462e-01,1.093797122554621950e+02
2.521260630315157458e-01,7.276337294910557585e-01,8.368940989111806061e-01,1.225834605896124856e+02
2.526263131565782971e-01,7.290759883277589948e-01,8.378153261561998022e-01,-3.826936181191335322e+02
2.531265632816407929e-01,7.309144746725191322e-01,8.377325032966475016e-01,-8.666708978011855891e+01
2.536268134067033442e-01,7.327470951855816761e-01,8.376645367150864496e-01,8.762251521150664075e+02
2.541270635317658400e-01,7.340763618094736653e-01,8.388721698017235218e-01,-5.123838059692161551e+02
2.546273136568283912e-01,7.357831687472864424e-01,8.391230409397870682e-01,1.805698822004976307e+02
2.551275637818909425e-01,7.376012870033430424e-01,8.390918273195158150e-01,-1.161912992365970041e+02
2.556278139069534383e-01,7.392798793389937506e-01,8.394141998074229338e-01,4.131025528414653536e+02
2.561280640320159896e-01,7.406278156277031899e-01,8.405745203548922184e-01,-7.597120841992382339e+02
2.566283141570785409e-01,7.424644972032670154e-01,8.404962620122242711e-01,4.635445748050096881e+01
2.571285642821410367e-01,7.443074430517938600e-01,8.404021380832589205e-01,5.019682116445412134e+02
2.576288144072035879e-01,7.457052730043696176e-01,8.414359523081353931e-01,-2.677570938852749123e+02
2.581290645322661392e-01,7.473458024758560247e-01,8.418547475506601430e-01,3.921592823879534535e+02
2.586293146573286350e-01,7.487672332687087540e-01,8.428288239868811926e-01,-2.063065698352887409e+02
2.591295647823911863e-01,7.503692873250897843e-01,8.433451576502838387e-01,-1.608358550384706689e+02
2.596298149074536821e-01,7.522072410396988262e-01,8.432636774057568063e-01,1.082021233216854853e+03
2.601300650325162334e-01,7.534987750997956812e-01,8.445669304799804378e-01,-1.000613921455143327e+03
2.606303151575787846e-01,7.552577855235801385e-01,8.446855072270655906e-01,1.309502161161634149e+03
2.611305652826412804e-01,7.565486723615824083e-01,8.459903171246533349e-01,-1.177110222960835699e+03
2.616308154077038317e-01,7.583088948778635707e-01,8.461058194964076185e-01,1.121402788879333457e+03
2.621310655327663830e-01,7.596003727876201594e-01,8.474092154079652106e-01,-1.003873727486890857e+03
2.626313156578288788e-01,7.614190785392073169e-01,8.473765150697407655e-01,1.228381805374656324e+02
2.631315657828914301e-01,7.630503190510471434e-01,8.478188609728867231e-01,2.733664842189192541e+02
2.636318159079539813e-01,7.644479371025919567e-01,8.488532040530314404e-01,-5.062165970782912723e+02
2.641320660330164771e-01,7.661024826012359235e-01,8.492365225087288305e-01,3.047221295867661865e+02
2.646323161580790284e-01,7.675115361263208369e-01,8.502419625248071045e-01,-3.912184589320276586e+02
2.651325662831415242e-01,7.691361797009210743e-01,8.507010151445645318e-01,2.105164384875297117e+02
2.656328164082040755e-01,7.705794400604083494e-01,8.516197004321593989e-01,-2.451024060108592835e+02
2.661330665332666268e-01,7.721676537205539592e-01,8.521711193703830345e-01,1.187129931033120158e+02
2.666333166583291225e-01,7.736486395273487471e-01,8.529942634212025476e-01,-1.118746352634638441e+02
2.671335667833916738e-01,7.751987748302470171e-01,8.536421693450869652e-01,3.341372900824180192e+01
2.676338169084542251e-01,7.767176096686702058e-01,8.543694073200510664e-01,8.462921329277341087e+00
2.681340670335167209e-01,7.782339503743196385e-01,8.551029022559429871e-01,-3.326375264093563544e+01
2.686343171585792722e-01,7.797754494467370456e-01,8.557726486790793174e-01,2.901736706636236818e+01
2.691345672836418235e-01,7.813316174664010072e-01,8.564052742060107581e-01,2.028525635863359469e+02
2.696348174087043192e-01,7.825686953228125908e-01,8.578465371053671795e-01,-1.172342776215227360e+02
2.701350675337668705e-01,7.839278001748142266e-01,8.589785247746398733e-01,7.864446701778487636e+01
2.706353176588294218e-01,7.851964347243146625e-01,8.603397173961342403e-01,-3.631401654959444159e+01
2.711355677838919176e-01,7.866107844220591172e-01,8.613317923268458687e-01,-5.269815440253446468e+02
2.716358179089544689e-01,7.883299906332928986e-01,8.615509298634888014e-01,5.630976132655036963e+02
2.721360680340169647e-01,7.895738499204622007e-01,8.629759351961945324e-01,-1.572332657937833744e+02
2.726363181590795159e-01,7.909072458928002591e-01,8.641714690265668297e-01,5.824618684393127666e+01
2.731365682841420672e-01,7.922247028956111992e-01,8.654083365617590839e-01,-2.829398722880711858e+01
2.736368184092045630e-01,7.935525146355396631e-01,8.666391871155371129e-01,5.342957036676809679e+01
2.741370685342671143e-01,7.948199787214468293e-01,8.678936922470188442e-01,-1.495815536776642602e+02
2.746373186593296656e-01,7.963599208665883555e-01,8.690315426477096539e-01,4.658510432024793317e+02
2.751375687843921614e-01,7.967158682745352216e-01,8.706826889834455852e-01,-3.842665900859495878e+02
2.756378189094547126e-01,7.976601385182366943e-01,8.720786279223369242e-01,-1.728157883808443671e+02
2.761380690345172639e-01,7.993564243843591655e-01,8.731481048909168763e-01,5.586986545242617694e+02
2.766383191595797597e-01,7.996445993439901256e-01,8.748288166339400762e-01,-6.401879360685579741e+02
2.771385692846423110e-01,8.008335942654334350e-01,8.761185184663330405e-01,4.629114194804822660e+02
2.776388194097048068e-01,8.011572687155563699e-01,8.777837517915368926e-01,-9.700902160834162942e+02
2.781390695347673581e-01,8.024181824297784704e-01,8.790422744442069058e-01,5.354978764732618401e+02
2.786393196598299093e-01,8.026667710764223695e-01,8.807401134229411177e-01,-2.127888289961697055e+01
2.791395697848924051e-01,8.029337387299607665e-01,8.824300301701704097e-01,-5.080575626029219052e+02
2.796398199099549564e-01,8.042164874544679432e-01,8.836790299180429242e-01,9.602559077747526999e+02
2.801400700350175077e-01,8.041245262210684475e-01,8.855248148405062691e-01,-1.330895915372820468e+02
2.806403201600800035e-01,8.041797712350975402e-01,8.873065708969805065e-01,1.761346940057838992e+02
2.811405702851425548e-01,8.041894455630514971e-01,8.891082299140431466e-01,-1.145203183963998981e+03
2.816408204102051061e-01,8.055709283307367352e-01,8.903144220422752886e-01,1.038432186100688796e+03
2.821410705352676018e-01,8.056180270982920000e-01,8.920997190526963605e-01,-1.871970520524417907e+02
2.826413206603301531e-01,8.056442000279228077e-01,8.938942315043811870e-01,2.581043545839581554e+01
2.831415707853926489e-01,8.056372552197643699e-01,8.957029723644032160e-01,2.401582550413596251e-01
2.836418209104552002e-01,8.056378664945000878e-01,8.975084816793883480e-01,-9.979485604960134371e-01
2.841420710355177515e-01,8.056383749160922481e-01,8.993143775454482958e-01,1.430037698470274954e+00
2.846423211605802472e-01,8.056362348227842363e-01,9.011193405760486996e-01,-1.194165374551396397e+01
2.851425712856427985e-01,8.056375749867240588e-01,9.029256476713845014e-01,7.024822878074438393e+01
2.856428214107053498e-01,8.056962756712092721e-01,9.047569147759696451e-01,1.029945071127351355e+02
2.861430715357678456e-01,8.050439039508983097e-01,9.062794833826881558e-01,1.289072227661879424e+02
2.866433216608303969e-01,8.040615727004406521e-01,9.076588859822120048e-01,-4.045508584969234107e+02
2.871435717858929482e-01,8.041725636887909756e-01,9.095129094235396838e-01,6.431250734445345074e+01
2.876438219109554439e-01,8.041636200173492011e-01,9.113149081389472217e-01,-1.476586815217964954e+02
2.881440720360179952e-01,8.038563105917172491e-01,9.129873060887402358e-01,4.802430455135315697e+02
2.886443221610805465e-01,8.025961240347546655e-01,9.142461078491793680e-01,-8.868190870437521198e+02
2.891445722861430423e-01,8.027002524196906741e-01,9.160971712505818765e-01,1.260379508405271878e+02
2.896448224112055936e-01,8.026476816615375487e-01,9.178800860771245684e-01,-1.840138241991216717e+02
2.901450725362680894e-01,8.026054528643330466e-01,9.196676196555774174e-01,1.044350278556156127e+03
2.906453226613306406e-01,8.012234803497850777e-01,9.208735938423460166e-01,-1.164601711645768773e+03
2.911455727863931919e-01,8.011970034153058640e-01,9.226678376719752439e-01,1.752624577703408022e+02
2.916458229114556877e-01,8.012718427835553436e-01,9.245060972145888734e-01,3.645161213284893051e+02
2.921460730365182390e-01,8.003053482026375454e-01,9.258923314752479650e-01,-1.228103680350207156e+02
2.926463231615807903e-01,7.996504789747316266e-01,9.274138716145045036e-01,-7.366472427739658713e+01
2.931465732866432861e-01,7.997014537780693377e-01,9.292418639651820467e-01,-3.068348526500560070e+02
2.936468234117058373e-01,7.994672182250435188e-01,9.309459849887189442e-01,6.112540814935324534e+02
2.941470735367683886e-01,7.981875070624746549e-01,9.321963052425299434e-01,-1.017407126326982052e+03
2.946473236618308844e-01,7.978926040718042900e-01,9.338741832326853398e-01,5.140600758811076503e+02
2.951475737868934357e-01,7.966287443701793869e-01,9.351313866810331277e-01,-8.563974234033461244e+02
2.956478239119559315e-01,7.968585609185913077e-01,9.370369234595850028e-01,5.552925305093011730e+02
2.961480740370184828e-01,7.957745225318075821e-01,9.383722655965993642e-01,-2.423129708927217791e+02
2.966483241620810340e-01,7.952926735281965476e-01,9.399688678219852989e-01,4.948233532485920136e+02
2.971485742871435298e-01,7.941587504824880739e-01,9.412824374620204493e-01,-4.056875934673233246e+02
2.976488244122060811e-01,7.938057932918493043e-01,9.429350358614934091e-01,9.527148716695647863e+02
2.981490745372686324e-01,7.925230307096147175e-01,9.441840216542323194e-01,-7.122534375131803017e+02
2.986493246623311282e-01,7.922908323894827243e-01,9.458890308352064791e-01,1.535540209727857018e+03
2.991495747873936795e-01,7.909204756767301836e-01,9.471000014316391935e-01,-1.031209449218005147e+03
2.996498249124562308e-01,7.907657457439828397e-01,9.488385705619621913e-01,1.031366439507429732e+03
3.001500750375187265e-01,7.893725994649185562e-01,9.500397010880330395e-01,1.368920463073117766e+01
3.006503251625812778e-01,7.879042653809498198e-01,9.512081333094095648e-01,-9.808791952176218274e+02
3.011505752876437736e-01,7.877757554278579377e-01,9.529582220063556042e-01,1.261124601744705842e+03
3.016508254127063249e-01,7.863827139054280213e-01,9.541593921811424295e-01,-1.373245845906859358e+03
3.021510755377688762e-01,7.862571635970657669e-01,9.559106330066573509e-01,9.489286870177977562e+02
3.026513256628313719e-01,7.847564043914181386e-01,9.570650541072339701e-01,-4.108595512107606140e+01
3.031515757878939232e-01,7.834095275307344508e-01,9.582862057116490195e-01,-9.570850034058911433e+02
3.036518259129564745e-01,7.832924961985493484e-01,9.600412823307905574e-01,8.787803690454094294e+02
3.041520760380189703e-01,7.818206723589222751e-01,9.612082469602198920e-01,-7.749404397548027568e+00
3.046523261630815216e-01,7.804453516897275067e-01,9.624170527184841006e-01,-1.039476999418628338e+03
3.051525762881440729e-01,7.802847961423715617e-01,9.641532376032722063e-01,9.819483726335050733e+02
3.056528264132065686e-01,7.789180206676269425e-01,9.653657996643933981e-01,-1.416765598334053720e+03
3.061530765382691199e-01,7.787599247972145644e-01,9.671029040400499488e-01,8.212153255879406970e+02
3.066533266633316712e-01,7.772439101149479779e-01,9.682506609074330584e-01,-1.905815609993134103e+02
3.071535767883941670e-01,7.759545623187574792e-01,9.694968409265815046e-01,6.714122998123879427e+01
3.076538269134567183e-01,7.746391486273691562e-01,9.707316531491606559e-01,5.404295339429947553e+00
3.081540770385192141e-01,7.733031456336904030e-01,9.719575662751970269e-01,-4.786567176125337397e+01
3.086543271635817653e-01,7.720447505717983328e-01,9.732172049008398496e-01,1.385807920600203715e+02
3.091545772886443166e-01,7.704987944203472994e-01,9.743517089232438533e-01,-3.743066956850698261e+02
3.096548274137068124e-01,7.700507442954336312e-01,9.759636109489199240e-01,2.652159664164019546e+02
3.101550775387693637e-01,7.691746426908853129e-01,9.773861641460149796e-01,1.061425798519668149e+02
3.106553276638319150e-01,7.676951953522483940e-01,9.785619563019085643e-01,-5.064756188074024834e+01
3.111555777888944108e-01,7.664114511961251930e-01,9.797694193824397768e-01,-3.674799914049913241e+01
3.116558279139569620e-01,7.651342735223114477e-01,9.811428817095915189e-01,8.713822025321283604e+01
3.121560780390195133e-01,7.636676037094610736e-01,9.819940999253176095e-01,3.137925028704418651e+02
3.126563281640820091e-01,7.619939787266365450e-01,9.823307880078415710e-01,-4.177276463559213084e+02
3.131565782891445604e-01,7.607440975902294289e-01,9.837390049438583528e-01,1.347953175989104864e+02
3.136568284142070562e-01,7.594337669527885248e-01,9.849947696661356389e-01,-8.871201477249648804e+01
3.141570785392696075e-01,7.580818528944306411e-01,9.861449835039930445e-01,8.573311020783322647e+02
3.146573286643321588e-01,7.563287371847275953e-01,9.862785124730322206e-01,-7.274503175615640203e+02
3.151575787893946545e-01,7.550654466593846870e-01,9.876533929106983134e-01,2.202481642300245994e+02
3.156578289144572058e-01,7.537396804576582676e-01,9.888698940924739444e-01,-2.523659100856492898e+02
3.161580790395197571e-01,7.524642416694798941e-01,9.902139378891972044e-01,9.178146224181467687e+02
3.166583291645822529e-01,7.506962879155222312e-01,9.903098512074836046e-01,-1.295373558557964316e+03
3.171585792896448042e-01,7.494049984024188094e-01,9.916137809240985757e-01,1.152934141047015373e+03
3.176588294147073555e-01,7.476465468105910617e-01,9.917337772780168148e-01,-1.197351545659066687e+03
3.181590795397698512e-01,7.463560003856576364e-01,9.930395354991139456e-01,1.313433459132266762e+03
3.186593296648324025e-01,7.445970588563619597e-01,9.931582921973310940e-01,-1.002817341805090450e+03
3.191595797898948983e-01,7.433054828554063187e-01,9.944614954170408749e-01,1.088883404679173509e+03
3.196598299149574496e-01,7.414691604472677389e-01,9.943841475397815488e-01,-1.619875975284639367e+02
3.201600800400200009e-01,7.398531486987157679e-01,9.948651131265399128e-01,-2.488737639713078806e+02
3.206603301650824966e-01,7.384738277348286140e-01,9.959458978823924058e-01,6.373816932678550984e+02
3.211605802901450479e-01,7.365810357989119872e-01,9.957254465927318776e-01,-3.999094843762197229e+02
3.216608304152075992e-01,7.351161416694473871e-01,9.965893720674315892e-01,4.627531440203349433e+01
3.221610805402700950e-01,7.336029060395938828e-01,9.973307927579655452e-01,3.072069219904416286e+02
3.226613306653326463e-01,7.317205011534487769e-01,9.971366596253645742e-01,-7.924908866808335688e+02
3.231615807903951976e-01,7.303806907080909738e-01,9.983176223111532854e-01,4.224238070054400964e+02
3.236618309154576933e-01,7.286993489837485516e-01,9.986330415020585605e-01,-1.145455603799986619e+02
3.241620810405202446e-01,7.268814554326685773e-01,9.986023963716448293e-01,1.790182567117943222e+02
3.246623311655827404e-01,7.251741105393776365e-01,9.988519040730828857e-01,-5.139949873597981878e+02
3.251625812906452917e-01,7.238461484115064071e-01,1.000062842929303475e+00,8.773748459220709037e+02
3.256628314157078430e-01,7.220053424710719536e-01,9.999741341310446341e-01,-1.293315241809713427e+02
3.261630815407703388e-01,7.202120122234141331e-01,1.000005738647271603e+00,1.696261226926679200e+01
3.266633316658328900e-01,7.184036538751525924e-01,9.999992570715624529e-01,1.502486367458759908e-01
3.271635817908954413e-01,7.165981414901788638e-01,9.999999899239284673e-01,-1.193083844922051107e+00
3.276638319159579371e-01,7.147923498783548268e-01,1.000000047159153027e+00,2.424336772092263725e-01
3.281640820410204884e-01,7.129865843617591015e-01,9.999998757564109164e-01,-4.057201678899015063e-01
3.286643321660830397e-01,7.111805487530967751e-01,1.000000491794984070e+00,2.636847419827410555e+00
3.291645822911455355e-01,7.093753499212375191e-01,9.999989612910968884e-01,-1.445606160932742590e+01
3.296648324162080868e-01,7.075709416114112082e-01,9.999954314652577114e-01,3.548519971565939102e+01
3.301650825412706380e-01,7.057393062851259335e-01,1.000060900089926763e+00,9.880616678820400978e+01
3.306653326663331338e-01,7.041575297644213638e-01,9.994931771136068566e-01,1.673499794812377672e+02
3.311655827913956851e-01,7.027375743550519083e-01,9.985153674408910884e-01,-4.654835855401919389e+02
3.316658329164581809e-01,7.008824583366624061e-01,9.986403410601080166e-01,9.144515347684171047e+01
3.321660830415207322e-01,6.990960558239368572e-01,9.985911795936739388e-01,-1.658022158872786065e+02
3.326663331665832835e-01,6.972891071024527321e-01,9.985940874424008573e-01,1.019415026259601291e+03
3.331665832916457792e-01,6.959893937363745842e-01,9.973115054857878414e-01,-7.852341876645492675e+02
3.336668334167083305e-01,6.942057583485015115e-01,9.972553298119226639e-01,6.348378097536046738e+01
3.341670835417708818e-01,6.925160641878216339e-01,9.969610899697377571e-01,4.331445706144087353e+02
3.346673336668333776e-01,6.911827983623504146e-01,9.957635937575798346e-01,-8.291713305031845493e+02
3.351675837918959289e-01,6.893079306619737112e-01,9.959386127114994158e-01,2.706265087387119479e+02
3.356678339169584802e-01,6.877775384607468512e-01,9.952407434148038412e-01,7.151807123388007881e+01
3.361680840420209759e-01,6.863170257275540420e-01,9.943658119454699129e-01,-3.406390045269915277e+02
3.366683341670835272e-01,6.844802534674091499e-01,9.944442849681486285e-01,-9.899269741271842804e+01
3.371685842921460230e-01,6.826508119405144681e-01,9.945041995447078120e-01,8.997187119258446728e+02
3.376688344172085743e-01,6.813233980158640568e-01,9.932918186376840097e-01,-4.959086368480849956e+02
3.381690845422711256e-01,6.796136315127202510e-01,9.930484379469255440e-01,-3.065098846099452246e+01
3.386693346673336213e-01,6.778482479608483047e-01,9.929460116483154186e-01,6.953626943391666373e+02
3.391695847923961726e-01,6.765451123312374859e-01,9.916721578243136159e-01,-9.958405527820613088e+02
3.396698349174587239e-01,6.747097710813247939e-01,9.917470197791936615e-01,1.459082442398328965e+02
3.401700850425212197e-01,6.731045003102276159e-01,9.912388167484263990e-01,2.127565183011168983e+02
3.406703351675837710e-01,6.716837400333585117e-01,9.902630004818606668e-01,-3.923547463330746723e+02
3.411705852926463223e-01,6.700528568886157110e-01,9.898197290594968889e-01,2.333169596434186701e+02
3.416708354177088180e-01,6.686198480731868621e-01,9.888749976594376490e-01,-2.899988940011812701e+02
3.421710855427713693e-01,6.670152172581371719e-01,9.883651908537696151e-01,1.628191716123365609e+02
3.426713356678338651e-01,6.655632726592622950e-01,9.874684528456858512e-01,-2.472373875466906270e+02
3.431715857928964164e-01,6.639117310778822612e-01,9.870774980587309066e-01,4.024980866682963665e+02
3.436718359179589677e-01,6.627390420073197008e-01,9.854730278157066703e-01,-2.230779054628041536e+02
3.441720860430214635e-01,6.612288581494388806e-01,9.847238813812349001e-01,-2.206000267043575036e+02
3.446723361680840148e-01,6.595586587151573976e-01,9.843802438362312390e-01,4.539231659928244085e+02
3.451725862931465660e-01,6.583751614407788999e-01,9.828031819316127571e-01,-1.698853195387969777e+02
3.456728364182090618e-01,6.569003781058381231e-01,9.819642700745052633e-01,-3.087715676162685554e+02
3.461730865432716131e-01,6.552628525691153172e-01,9.815378301460195853e-01,2.697929056966742678e+02
3.466733366683341644e-01,6.538469744340923429e-01,9.805496899392592836e-01,-3.749742048819196611e+02
3.471735867933966602e-01,6.522212388152888174e-01,9.800933436833976220e-01,2.172895098485839469e+02
3.476738369184592115e-01,6.507889507808093388e-01,9.791467455428941591e-01,-3.100228016940166640e+02
3.481740870435217627e-01,6.491326541919412163e-01,9.787678755098764283e-01,3.756267724748694832e+02
3.486743371685842585e-01,6.479056099036003546e-01,9.773011945003244882e-01,-1.426772704644977523e+02
3.491745872936468098e-01,6.465530518229340995e-01,9.761525723050120673e-01,5.046048716012094104e+01
3.496748374187093056e-01,6.452587006850741824e-01,9.748564046466702271e-01,7.652138214516057246e+01
3.501750875437718569e-01,6.439288149140001138e-01,9.736503439230533852e-01,-9.737252038026999799e+02
3.506753376688344082e-01,6.421645274919547397e-01,9.735451409862210248e-01,8.110205926856377801e+02
3.511755877938969039e-01,6.408909198297234600e-01,9.721964543649043167e-01,-2.336857174392774823e+02
3.516758379189594552e-01,6.395647387731550060e-01,9.709809471398277436e-01,2.242034004323767817e+02
3.521760880440220065e-01,6.382979462558601158e-01,9.696149861195014763e-01,-7.648161596898157768e+02
3.526763381690845023e-01,6.365394044160246345e-01,9.694952254252574564e-01,9.292146784490731761e+02
3.531765882941470536e-01,6.351981989691279917e-01,9.683177936503830630e-01,-1.072277195408247508e+02
3.536768384192096049e-01,6.338853367018215668e-01,9.670685800334897220e-01,1.446568510354768193e+02
3.541770885442721006e-01,6.326351980276350151e-01,9.656604236105602590e-01,-4.472837113927262180e+02
3.546773386693346519e-01,6.309512317012306859e-01,9.653516737700705841e-01,3.574181601452173140e+02
3.551775887943971477e-01,6.294933603179090342e-01,9.644699051871337137e-01,8.665176880912841284e+01
3.556778389194596990e-01,6.282349798559271337e-01,9.630826079195513589e-01,-8.858090545921488967e+01
3.561780890445222503e-01,6.268764005957847552e-01,9.619492740744398640e-01,9.873112088948710152e+01
3.566783391695847460e-01,6.256259490875557550e-01,9.605418790718687205e-01,-1.332188925054076094e+02
3.571785892946472973e-01,6.241297500915321539e-01,9.597572437162706915e-01,-2.338575826384106620e+02
3.576788394197098486e-01,6.224741968215223853e-01,9.593764897415553161e-01,3.833560861040239729e+02
3.581790895447723444e-01,6.212369581275533070e-01,9.579356427855288958e-01,-1.330556631033374231e+02
3.586793396698348957e-01,6.198973108755904127e-01,9.567543046404242135e-01,4.562000973126703229e+01
3.591795897948974470e-01,6.185822308129961256e-01,9.555106661855531369e-01,-1.413553997818229924e+01
3.596798399199599428e-01,6.172626260195340775e-01,9.542785502370132455e-01,3.580721079308960775e+00
3.601800900450224940e-01,6.159432851513994001e-01,9.530457372344369738e-01,-4.376311843825481107e-01
3.606803401700849898e-01,6.146241632473176120e-01,9.518122302383312805e-01,1.525371188518432897e-01
3.611805902951475411e-01,6.133052222118557939e-01,9.505790955536987941e-01,-5.855357971287028507e-01
3.616808404202100924e-01,6.119849190379995640e-01,9.493463165057945963e-01,1.782462179074134179e+00
3.621810905452725882e-01,6.106694298536631260e-01,9.481115165028419778e-01,-4.363632035361966643e+00
3.626813406703351395e-01,6.093396098265778660e-01,9.468829657039176118e-01,7.079524192525337156e+00
3.631815907953976907e-01,6.080459916278286858e-01,9.456386780946862691e-01,7.243603102195474541e+00
3.636818409204601865e-01,6.066841419644768418e-01,9.444239692041898060e-01,-1.172274471659447812e+02
3.641820910455227378e-01,6.053569553228662636e-01,9.431942689370140798e-01,1.086318003633794888e+03
3.646823411705852891e-01,6.052171758695069625e-01,9.414491419335140332e-01,-8.756030358356617853e+02
3.651825912956477849e-01,6.037486697152254500e-01,9.402807842893206036e-01,1.872021874232511607e+02
3.656828414207103362e-01,6.024413250521587493e-01,9.390424698327687336e-01,-4.778485345784321936e+01
3.661830915457728874e-01,6.011327015515293137e-01,9.378046562794979391e-01,-9.242404007922599973e+00
3.666833416708353832e-01,5.997932220932987724e-01,9.365802760339023703e-01,4.408515596307412920e+01
3.671835917958979345e-01,5.985371066171005783e-01,9.353197399030542813e-01,-1.244907143094538924e+02
3.676838419209604303e-01,5.969985849416435952e-01,9.341817205494508114e-01,2.964660853911424283e+02
3.681840920460229816e-01,5.964500922498325863e-01,9.326140194304304298e-01,-1.258406728340728478e+02
3.686843421710855329e-01,5.956891151463977740e-01,9.311385838526905490e-01,-1.746993294215130277e+02
3.691845922961480286e-01,5.941668991687155676e-01,9.299934894594351631e-01,1.152394592158653381e+02
3.696848424212105799e-01,5.929552602351964019e-01,9.287136015226434838e-01,-8.969254839361444454e+01
3.701850925462731312e-01,5.914844191669482720e-01,9.275462511450742742e-01,5.957363410459333153e+01
3.706853426713356270e-01,5.904786147951667230e-01,9.261769761590350480e-01,4.571973466598134905e+02
3.711855927963981783e-01,5.901324355334400806e-01,9.245213949032964340e-01,-4.677413727564863279e+02
3.716858429214607296e-01,5.886223852016538860e-01,9.233710624976765313e-01,1.515610515403817544e+02
3.721860930465232253e-01,5.872813336505819937e-01,9.221473252516130259e-01,-1.005413058111897158e+02
3.726863431715857766e-01,5.860409567421280830e-01,9.208799457143181932e-01,9.768674842207972233e+02
3.731865932966482724e-01,5.858524627054463307e-01,9.191559631549151010e-01,-7.307559363967678792e+02
3.736868434217108237e-01,5.843606196811826914e-01,9.179977378032535551e-01,2.170494230111928573e+02
3.741870935467733750e-01,5.830549397786782828e-01,9.167586964047103049e-01,-2.409922856451748316e+02
3.746873436718358708e-01,5.816579113065682982e-01,9.155592507627245968e-01,1.042835407578635795e+03
3.751875937968984220e-01,5.815301950624481853e-01,9.138089564537779097e-01,-1.005862337117901575e+03
3.756878439219609733e-01,5.801140965235455083e-01,9.126178405930471804e-01,2.636504133058420507e+02
3.761880940470234691e-01,5.788113966246368758e-01,9.113774554154032703e-01,-2.262400853183345077e+02
3.766883441720860204e-01,5.773277678877063446e-01,9.102156421576885759e-01,7.786161722975423345e+02
3.771885942971485717e-01,5.771565843035865173e-01,9.084842191939954681e-01,-1.075898741231252416e+03
3.776888444222110675e-01,5.758847590898660274e-01,9.072304346826454147e-01,1.251939664056851171e+02
3.781890945472736187e-01,5.745548504040300930e-01,9.060019012234459268e-01,-1.749180768750097741e+02
3.786893446723361145e-01,5.730286106726293349e-01,9.048586087692029878e-01,5.456903674701883347e+02
3.791895947973986658e-01,5.727501303797231103e-01,9.031736870707101072e-01,-7.944322548459319933e+02
3.796898449224612171e-01,5.715143012240351261e-01,9.019043288107819745e-01,5.420900630690088065e+02
3.801900950475237129e-01,5.712256175101390054e-01,9.002238379022786674e-01,-8.161476301812147085e+02
3.806903451725862642e-01,5.700507712919981040e-01,8.989280081075198270e-01,-7.779671371391057733e+01
3.811905952976488154e-01,5.684543709051016469e-01,8.978151653702384216e-01,7.086773641010020128e+02
3.816908454227113112e-01,5.682660281024735083e-01,8.960911177824092411e-01,-7.364911037553179085e+02
3.821910955477738625e-01,5.671126023955619377e-01,8.947859974210568001e-01,-1.041346385593522825e+02
3.826913456728364138e-01,5.654916810129394511e-01,8.936837354286779611e-01,7.475067580115266992e+02
3.831915957978989096e-01,5.653202938718976389e-01,8.919523785141301175e-01,-1.132994464076662325e+03
3.836918459229614609e-01,5.639975692896403991e-01,8.907207513612960259e-01,7.682021354230018915e+02
3.841920960480239566e-01,5.637917186094499877e-01,8.890042999389621281e-01,-1.041623803705026603e+03
3.846923461730865079e-01,5.625009555856327337e-01,8.877588728306596844e-01,-3.870142699085470639e+01
3.851925962981490592e-01,5.609683255288521186e-01,8.866183581409925463e-01,8.077766158472702500e+02
3.856928464232115550e-01,5.608289788251695773e-01,8.848730401648913224e-01,-9.645480722738586792e+02
3.861930965482741063e-01,5.595645440006331572e-01,8.836160987998961103e-01,-6.849610457541088238e+01
3.866933466733366576e-01,5.580042288354385427e-01,8.824875914273764277e-01,8.646217882317033627e+02
3.871935967983991533e-01,5.578704660693644124e-01,8.807398533154815468e-01,-1.461050299017488669e+03
3.876938469234617046e-01,5.564954386650954321e-01,8.795309173280451143e-01,1.031769131309969680e+03
3.881940970485242559e-01,5.563437921977760769e-01,8.777909420163338972e-01,-1.024890043986328465e+03
3.886943471735867517e-01,5.549508346531033531e-01,8.765897890616687338e-01,-1.543627454058263382e+01
3.891945972986493030e-01,5.534820721596569459e-01,8.754215411128145607e-01,9.877464019762327325e+02
3.896948474237118543e-01,5.533524475014536259e-01,8.736720066205625468e-01,-1.275029157297012262e+03
3.901950975487743500e-01,5.519572984274613292e-01,8.724718048426813866e-01,1.491645335064806886e+03
3.906953476738369013e-01,5.517651585017059324e-01,8.707494032387853578e-01,-9.359332227183714394e+02
3.911955977988993971e-01,5.504200798561118546e-01,8.695274754162715114e-01,1.289728222826390493e+03
3.916958479239619484e-01,5.501409524209356361e-01,8.678428829865380001e-01,-5.614478726005430644e+02
3.921960980490244997e-01,5.489218797676037598e-01,8.665662066840821298e-01,7.164121419089510709e+02
3.926963481740869955e-01,5.484929349512335239e-01,8.649466646070536058e-01,-2.926051132412948164e+02
3.931965982991495467e-01,5.474508409524188046e-01,8.635931978577466861e-01,3.110339692846625894e+02
3.936968484242120980e-01,5.468309237195300154e-01,8.620564777746078100e-01,-9.243339846883839073e+01
3.941970985492745938e-01,5.459934934923744709e-01,8.606142288997254974e-01,5.525243483188141624e+00
3.946973486743371451e-01,5.451641487933159835e-01,8.591684162525663471e-01,8.546362360509102984e+01
3.951975987993996964e-01,5.445364013819196103e-01,8.576351142305969066e-01,-2.981450446897145525e+02
3.956978489244621922e-01,5.435017983100717265e-01,8.562784411267162499e-01,2.839817342482396043e+02
3.961980990495247434e-01,5.430661109138985587e-01,8.546617534250544601e-01,-6.975879171750619889e+02
3.966983491745872392e-01,5.418532381121357044e-01,8.533824196096490011e-01,5.486383722129829721e+02
3.971985992996497905e-01,5.415690401690709255e-01,8.517000480998336842e-01,-1.259218865149062822e+03
3.976988494247123418e-01,5.402297677630992778e-01,8.504755543225223091e-01,9.037664689658737416e+02
3.981990995497748376e-01,5.400357635851212867e-01,8.487540262382708978e-01,-1.437680478794588453e+03
3.986993496748373889e-01,5.386540711975178475e-01,8.475480376576229880e-01,9.707925233397152169e+02
3.991995997998999401e-01,5.386361658873050073e-01,8.457510484145950302e-01,-1.435350478671468011e+02
3.996998499249624359e-01,5.380743219500323526e-01,8.441756967953609747e-01,-1.986561209754610502e+02
4.002001000500249872e-01,5.370847879406370762e-01,8.428417253789857178e-01,2.955208765712589525e+02
4.007003501750875385e-01,5.363636169289173194e-01,8.410943151443098786e-01,-1.681846348049799076e+02
4.012006003001500343e-01,5.360196488443154106e-01,8.404410679120065675e-01,1.945521748421675454e+02
4.017008504252125856e-01,5.382471619577745559e-01,8.405075573760215635e-01,-3.655202774493346851e+01
4.022011005502750813e-01,5.382725173422610032e-01,8.405210199662762616e-01,6.975390703999083541e+01
4.027013506753376326e-01,5.360759268556952728e-01,8.404539872501136655e-01,6.128477901459749688e+01
4.032016008004001839e-01,5.335521520188678535e-01,8.399127812769568990e-01,2.867470362594888798e+02
4.037018509254626797e-01,5.325681725445113868e-01,8.385156624747287513e-01,3.243751779423986363e+02
4.042021010505252310e-01,5.326296176974507635e-01,8.366863451797894591e-01,1.679500373678098697e+02
4.047023511755877823e-01,5.326092090219406439e-01,8.348891105814906233e-01,-1.161331445107643731e+03
4.052026013006502780e-01,5.312317004765146899e-01,8.336812406343788728e-01,9.438967875090456801e+02
4.057028514257128293e-01,5.312156430726697742e-01,8.318823930806696909e-01,-1.334187359766171710e+02
4.062031015507753806e-01,5.306635255326168643e-01,8.303161857833670778e-01,-2.022622818748092470e+02
4.067033516758378764e-01,5.296518229757407603e-01,8.289495541265946565e-01,3.226178305931545651e+02
4.072036018009004277e-01,5.290536934253222690e-01,8.274033831225767743e-01,-1.174176719444487702e+02
4.077038519259629790e-01,5.281851120618167306e-01,8.259746126524366572e-01,5.220156781374878818e+01
4.082041020510254747e-01,5.273905627518266082e-01,8.245137043561904244e-01,5.554704089853985494e+01
4.087043521760880260e-01,5.267283672877367540e-01,8.229953486434737897e-01,-2.430620359860349424e+02
4.092046023011505218e-01,5.257270306004138138e-01,8.216241879999619524e-01,2.472042114756470141e+02
4.097048524262130731e-01,5.252612353002437118e-01,8.200206410594230722e-01,-6.197010161054778337e+02
4.102051025512756244e-01,5.240753383422909195e-01,8.187295667474621119e-01,4.979399434989277893e+02
4.107053526763381202e-01,5.237697861813941369e-01,8.170564415467524988e-01,-1.160511866508905541e+03
4.112056028014006714e-01,5.224450055240210666e-01,8.158257044298192762e-01,8.528260945518516110e+02
4.117058529264632227e-01,5.222407877103635299e-01,8.141085452170857550e-01,-1.580235857900502879e+03
4.122061030515257185e-01,5.208463709450362744e-01,8.129080202301521840e-01,1.282072490173660299e+03
4.127063531765882698e-01,5.206779821767113514e-01,8.111753761576789845e-01,-1.158783450275295081e+03
4.132066033016508211e-01,5.192818797773212092e-01,8.099755304265296996e-01,1.265334872947124722e+03
4.137068534267133169e-01,5.193737269303755344e-01,8.081299150460059533e-01,-2.408442182038937744e+02
4.142071035517758681e-01,5.186784119575813534e-01,8.066258291978730677e-01,-1.020782267004894948e+02
4.147073536768383639e-01,5.177214881128018309e-01,8.052354258799813147e-01,3.634002010821474755e+02
4.152076038019009152e-01,5.177922054642326577e-01,8.033989120686038099e-01,1.840567944821721937e+02
4.157078539269634665e-01,5.177693575669357617e-01,8.016030133441823802e-01,-1.236131728154113489e+03
4.162081040520259623e-01,5.163735531668331991e-01,8.004030957980590166e-01,1.342958554123014665e+03
4.167083541770885136e-01,5.161969013578361354e-01,7.986739745665276669e-01,-1.075155600890141613e+03
4.172086043021510648e-01,5.148242983314937904e-01,7.974639857844907365e-01,1.486103174086872059e+03
4.177088544272135606e-01,5.146053347662820077e-01,7.957532357742636009e-01,-7.213475836412457056e+02
4.182091045522761119e-01,5.132708644283544563e-01,7.945266816028323520e-01,1.033288133108379498e+03
4.187093546773386632e-01,5.134627061596519493e-01,7.926375482248527726e-01,-4.025887413293064583e+02
4.192096048024011590e-01,5.125575205803348799e-01,7.912246856833908826e-01,4.356387484139938238e+01
4.197098549274637103e-01,5.117712695403038303e-01,7.897601254162487372e-01,3.079402114984767422e+02
4.202101050525262060e-01,5.119160199547660994e-01,7.878914689656202341e-01,-1.176494199378664916e+03
4.207103551775887573e-01,5.105404114008453842e-01,7.866827932459236061e-01,9.271410876899277582e+02
4.212106053026513086e-01,5.103615716001775882e-01,7.849545515863244338e-01,-1.414203715979549543e+03
4.217108554277138044e-01,5.089803363502006794e-01,7.837482515511474679e-01,9.688249260932017251e+02
4.222111055527763557e-01,5.089618164457319072e-01,7.819505505310718751e-01,-1.421070615926451524e+02
4.227113556778389070e-01,5.084071161494669866e-01,7.803854342979350545e-01,-2.000829802124152081e+02
4.232116058029014027e-01,5.073967840080086944e-01,7.790181892471138569e-01,3.210857432758506320e+02
4.237118559279639540e-01,5.067980981417670172e-01,7.774723160647244447e-01,-1.170296401574541818e+02
4.242121060530265053e-01,5.059294741931779082e-01,7.760435503896814247e-01,5.304916457702661603e+01
4.247123561780890011e-01,5.051384005028660695e-01,7.745811367549061410e-01,5.081219687750085967e+01
4.252126063031515524e-01,5.044645411263101176e-01,7.730678409540117091e-01,-2.052560087152887434e+02
4.257128564282141037e-01,5.035258307556111923e-01,7.716695075460832109e-01,1.371536680441651015e+02
4.262131065532765994e-01,5.028949630818366767e-01,7.701375584863274781e-01,1.768969510466770885e+02
4.267133566783391507e-01,5.029312626753542625e-01,7.683159328858659709e-01,-1.067958499643013738e+03
4.272136068034016465e-01,5.015501289968871124e-01,7.671096477929230106e-01,1.044809424270534237e+03
4.277138569284641978e-01,5.014935098662498536e-01,7.653284173936926171e-01,-1.992394036262939778e+02
4.282141070535267491e-01,5.015644205025688862e-01,7.634917548630988371e-01,-2.986260726519899436e+02
4.287143571785892449e-01,5.006581893057046040e-01,7.620792426155544863e-01,7.224634579592479611e+01
4.292146073036517961e-01,4.999386436248227095e-01,7.605858165977241736e-01,1.282472284390765367e+02
4.297148574287143474e-01,4.999947684381662594e-01,7.587556115423098602e-01,2.705714295282115245e+02
4.302151075537768432e-01,4.998243790618062676e-01,7.570237744062312535e-01,-7.331673724798257581e+02
4.307153576788393945e-01,4.984744511214423968e-01,7.558039335721455920e-01,1.110331481249085982e+03
4.312156078039019458e-01,4.986184564905984939e-01,7.539355613438254444e-01,-3.063757292558341305e+02
4.317158579289644416e-01,4.977878107901234084e-01,7.524903315707385243e-01,1.699317995106509827e+01
4.322161080540269928e-01,4.970442206116426065e-01,7.510073012148748006e-01,-6.618150116682863882e+01
4.327163581790894886e-01,4.961735578927016221e-01,7.495794344117918673e-01,1.138077893460213375e+02
4.332166083041520399e-01,4.955703024361872711e-01,7.480354887920481755e-01,-3.098632972505082535e+02
4.337168584292145912e-01,4.945661060952713517e-01,7.466655964703138304e-01,1.952104341174402009e+02
4.342171085542770870e-01,4.940056999821005879e-01,7.451029932788721943e-01,1.351904090459351551e+02
4.347173586793396383e-01,4.939970550344576772e-01,7.433009368469403189e-01,-9.474511901985515578e+02
4.352176088044021895e-01,4.926204514782068777e-01,7.420926855194980298e-01,1.042249744715992165e+03
4.357178589294646853e-01,4.926490226967304986e-01,7.402744137359257293e-01,-1.695359611799559616e+02
4.362181090545272366e-01,4.920591045952946718e-01,7.387246973740780875e-01,-1.829821337535212251e+02
4.367183591795897879e-01,4.910115576980242924e-01,7.373735786648140111e-01,4.799701496150810840e+02
4.372186093046522837e-01,4.910896271829588988e-01,7.355338414400737213e-01,1.233388179257773061e+02
4.377188594297148350e-01,4.911057855603392364e-01,7.337210951597676889e-01,-1.248893173330436866e+03
4.382191095547773307e-01,4.897470793739416295e-01,7.325050756036235455e-01,7.813358372851726017e+02
4.387193596798398820e-01,4.896521785429075457e-01,7.307404628586210427e-01,-7.936206249820173753e+01
4.392196098049024333e-01,4.892079963281013022e-01,7.291274040981237103e-01,-3.023447281009244421e+02
4.397198599299649291e-01,4.880960466204858350e-01,7.278042877495687346e-01,5.217465935841563578e+02
4.402201100550274804e-01,4.876414460027060915e-01,7.261957917524320960e-01,-2.771363887066712550e+02
4.407203601800900317e-01,4.865267141660445938e-01,7.248738252765243306e-01,5.942510463329682580e+02
4.412206103051525274e-01,4.867518495962544489e-01,7.229703093180289697e-01,-7.320808219583202572e+02
4.417208604302150787e-01,4.855748372290676906e-01,7.216753577668315600e-01,3.037348991218308925e+02
4.422211105552776300e-01,4.851190586975305252e-01,7.200674497953991615e-01,1.055021886046563395e+02
4.427213606803401258e-01,4.850593681979444294e-01,7.182874908217624643e-01,-8.521111254015896748e+02
4.432216108054026771e-01,4.836885822810631508e-01,7.170766665920158545e-01,1.143651092687754499e+03
4.437218609304652284e-01,4.837565185402388779e-01,7.152414311955178627e-01,-2.073480960318114512e+02
4.442221110555277241e-01,4.831123973023872531e-01,7.137151260243915774e-01,-1.465499428532025945e+02
4.447223611805902754e-01,4.820832853135716967e-01,7.123560514812118383e-01,5.212866078316997118e+02
4.452226113056527712e-01,4.822958313369935524e-01,7.104579855412056499e-01,-7.653424729482209159e+02
4.457228614307153225e-01,4.810984354621688497e-01,7.091718552713272006e-01,3.337451765979260472e+02
4.462231115557778738e-01,4.806742895145174610e-01,7.075502262970313483e-01,8.906186029069526455e+01
4.467233616808403696e-01,4.805892335133376547e-01,7.057812744521129167e-01,-8.014237652236997747e+02
4.472236118059029208e-01,4.792239538487823580e-01,7.045680629735082690e-01,1.165351043767013152e+03
4.477238619309654721e-01,4.793117696396277383e-01,7.027241951395559738e-01,-2.282569254127701015e+02
4.482241120560279679e-01,4.786223207478881303e-01,7.012175766269980182e-01,-1.059922911167886213e+02
4.487243621810905192e-01,4.776613423337234821e-01,6.998288886324999236e-01,3.686936965990151975e+02
4.492246123061530705e-01,4.777349228918679191e-01,6.979911489247303535e-01,1.672443003093830498e+02
4.497248624312155663e-01,4.777140089097468567e-01,6.961944254261240861e-01,-1.168246381926070171e+03
4.502251125562781175e-01,4.763363459606465011e-01,6.949865809141849704e-01,9.482860637780352135e+02
4.507253626813406133e-01,4.763159932055425205e-01,6.931895373929499726e-01,-1.366333308015409784e+02
4.512256128064031646e-01,4.758045637078461843e-01,6.916056514304479430e-01,-2.534289277492650854e+02
4.517258629314657159e-01,4.746692208788508838e-01,6.902926698008999828e-01,6.627378701962616105e+02
4.522261130565282117e-01,4.748882839018284119e-01,6.883917910175556543e-01,-6.117471384669976260e+02
4.527263631815907630e-01,4.737878276500955832e-01,6.870635757238506836e-01,2.153262563421730533e+02
4.532266133066533143e-01,4.732311776066823739e-01,6.854994571139705339e-01,1.578484471926391564e+02
4.537268634317158100e-01,4.732440620084945593e-01,6.836880041908373062e-01,-1.010818124038496194e+03
4.542271135567783613e-01,4.718665145354256074e-01,6.824801061539592650e-01,9.899884377422281432e+02
4.547273636818409126e-01,4.718703612483653997e-01,6.806726947379454495e-01,-1.506766119436990436e+02
4.552276138069034084e-01,4.713269906651706420e-01,6.791026681023756284e-01,-2.263554484917065395e+02
4.557278639319659597e-01,4.702162053713643819e-01,6.777790016956098951e-01,6.263298466296063225e+02
4.562281140570284554e-01,4.704355130600843538e-01,6.758780113089265518e-01,-6.477091892779853879e+02
4.567283641820910067e-01,4.693101427285936711e-01,6.745606572085934838e-01,2.420439419532416707e+02
4.572286143071535580e-01,4.687854517432223367e-01,6.729825987115438668e-01,1.435904990971102677e+02
4.577288644322160538e-01,4.687747771786868189e-01,6.711813632068058810e-01,-9.707993361572692947e+02
4.582291145572786051e-01,4.673957843444099813e-01,6.699741395001931332e-01,1.147427296257734952e+03
4.587293646823411564e-01,4.673690365013254411e-01,6.681799394751624099e-01,-1.729891021630428725e+02
4.592296148074036521e-01,4.674418118852048942e-01,6.663424668996893452e-01,-3.546732309106486696e+02
4.597298649324662034e-01,4.664929578991144354e-01,6.649484575319881685e-01,9.592773526471887635e+01
4.602301150575287547e-01,4.657901090860845916e-01,6.634477862298149287e-01,2.367060788086349419e+02
4.607303651825912505e-01,4.658851470744723167e-01,6.616006869192800899e-01,-1.156717089593237915e+03
4.612306153076538018e-01,4.645225734991268451e-01,6.603862786205410007e-01,7.812890442037346475e+02
4.617308654327162976e-01,4.644269527890326765e-01,6.586220486098177673e-01,-8.256000778128306195e+01
4.622311155577788488e-01,4.640158145262480716e-01,6.569946174801940542e-01,-3.466875521874669630e+02
4.627313656828414001e-01,4.628096867252805002e-01,6.557123581037656024e-01,7.815167574259573939e+02
4.632316158079038959e-01,4.630204347755104699e-01,6.538150961299979969e-01,-5.080150972335154052e+02
4.637318659329664472e-01,4.620029279184267867e-01,6.524508867754809094e-01,1.359942992916236619e+02
4.642321160580289985e-01,4.613447076206843023e-01,6.509307876620940014e-01,2.182361221171940713e+02
4.647323661830914943e-01,4.614208054208474574e-01,6.490919561252393999e-01,-1.188391557019370339e+03
4.652326163081540455e-01,4.600446639667704063e-01,6.478834473205169475e-01,9.267820847634031907e+02
4.657328664332165968e-01,4.599497651002088516e-01,6.461188313540301431e-01,-2.278671826465816252e+02
4.662331165582790926e-01,4.600151954073206095e-01,6.442845467944844362e-01,-2.315406651463606238e+02
4.667333666833416439e-01,4.591771167166446288e-01,6.428424515241601966e-01,1.855603093755481936e+01
4.672336168084041952e-01,4.583874683459777111e-01,6.413794490827138262e-01,1.877763660229140328e+02
4.677338669334666910e-01,4.584490256708143030e-01,6.395468926177563240e-01,2.460370993787280156e+02
4.682341170585292423e-01,4.583248368885485258e-01,6.377949966343586796e-01,-8.450863553901044725e+02
4.687343671835917380e-01,4.569566819777744482e-01,6.365830714640592358e-01,1.168463038139115270e+03
4.692346173086542893e-01,4.570656245429648434e-01,6.347299158059053203e-01,-2.548075310951017798e+02
4.697348674337168406e-01,4.563081552341679559e-01,6.332529292140494093e-01,-3.910697565827145894e+01
4.702351175587793364e-01,4.554914510678777506e-01,6.318016066332701186e-01,3.299104778278415040e+01
4.707353676838418877e-01,4.546950304835565837e-01,6.303414247009372362e-01,5.037774586997925041e+01
4.712356178089044390e-01,4.540192693851849426e-01,6.288289811342089308e-01,-1.988409699437799247e+02
4.717358679339669347e-01,4.530849638483754327e-01,6.274287705318677411e-01,1.334210047793317528e+02
4.722361180590294860e-01,4.524494555533377094e-01,6.258988199380953743e-01,1.771135260838897807e+02
4.727363681840920373e-01,4.524895234363900953e-01,6.240756273208645233e-01,-1.058337143686017953e+03
4.732366183091545331e-01,4.511133806523003886e-01,6.228672310598690753e-01,9.333277324764580953e+02
4.737368684342170844e-01,4.510924229240731997e-01,6.210705296543366227e-01,-1.317299936626461374e+02
4.742371185592795801e-01,4.505846999873499570e-01,6.194851118189564909e-01,-2.567866358056440390e+02
4.747373686843421314e-01,4.494463839402125793e-01,6.181734513412394660e-01,6.680238280488219971e+02
4.752376188094046827e-01,4.496680547794770222e-01,6.162714717141858367e-01,-6.220129351340733592e+02
4.757378689344671785e-01,4.485534398718526439e-01,6.149495019797983630e-01,2.460599212700207659e+02
4.762381190595297298e-01,4.480359962437165389e-01,6.133682550666603728e-01,-2.544381488854953233e+01
4.767383691845922811e-01,4.480809291330057342e-01,6.115429406081311914e-01,2.014373123082510233e+02
4.772386193096547768e-01,4.477540186385757237e-01,6.098791070981517404e-01,-4.577819592398386703e+02
4.777388694347173281e-01,4.465125362609407844e-01,6.086121953972301046e-01,8.352553834165795479e+02
4.782391195597798794e-01,4.465850971742344466e-01,6.067748705835498413e-01,1.849150514592029282e+01
4.787393696848423752e-01,4.466607586277410169e-01,6.049361427182505802e-01,-9.805870552835120861e+02
4.792396198099049265e-01,4.453512378228088320e-01,6.036987119202185115e-01,6.846595707119541885e+02
4.797398699349674223e-01,4.451194513730429847e-01,6.019935130403860635e-01,-1.444051120716436571e+03
4.802401200600299735e-01,4.437528737428279579e-01,6.007809624257497427e-01,1.036579735583613910e+03
4.807403701850925248e-01,4.435744757466008603e-01,5.990526022617036483e-01,-1.351082034490608521e+03
4.812406203101550206e-01,4.421816277258227013e-01,5.978513448878736147e-01,1.096017878168376456e+03
4.817408704352175719e-01,4.422039299199259088e-01,5.960359215344345207e-01,-1.787642317910551242e+02
4.822411205602801232e-01,4.416278258598962392e-01,5.944800923379316426e-01,-1.997420792409699004e+02
4.827413706853426190e-01,4.405414963969304654e-01,5.931458477606149637e-01,5.933200227116818724e+02
4.832416208104051702e-01,4.407598464551732431e-01,5.912452704825703620e-01,-6.815068815940234117e+02
4.837418709354677215e-01,4.396121122933251413e-01,5.899375800763208000e-01,2.683614272881677607e+02
4.842421210605302173e-01,4.391177512558286367e-01,5.883464266021463107e-01,1.248448390958810705e+02
4.847423711855927686e-01,4.390867336186411451e-01,5.865540244770547362e-01,-9.121086221909442884e+02
4.852426213106553199e-01,4.377115457497671169e-01,5.853451075431586048e-01,1.087017695195340139e+03
4.857428714357178157e-01,4.377563511335491042e-01,5.835199148347588460e-01,-1.851392177772603702e+02
4.862431215607803670e-01,4.371504984084342293e-01,5.819769986236935644e-01,-1.759957975300672217e+02
4.867433716858428627e-01,4.360895090366564975e-01,5.806317581665638716e-01,5.597362144674017372e+02
4.872436218109054140e-01,4.363058158426529887e-01,5.787320617070357276e-01,-7.185839785548289456e+02
4.877438719359679653e-01,4.351356541623877527e-01,5.774341229647618201e-01,2.951380790975367745e+02
4.882441220610304611e-01,4.346713688194597802e-01,5.758298464779431081e-01,1.204270547180397699e+02
4.887443721860930124e-01,4.346094339096937542e-01,5.740509267263276261e-01,-8.784655718239077942e+02
4.892446223111555637e-01,4.332419987439978804e-01,5.728386400142567725e-01,1.473564692063042685e+03
4.897448724362180594e-01,4.330480922091436424e-01,5.711170058603217692e-01,-8.318177354583575607e+02
4.902451225612806107e-01,4.316880215024432865e-01,5.699015860703660064e-01,1.119567681880773080e+03
4.907453726863431620e-01,4.318542970459036123e-01,5.680236672960000677e-01,-3.449232719612807614e+02
4.912456228114056578e-01,4.310183020918272878e-01,5.665807527884505479e-01,-7.567667946660624700e+00
4.917458729364682091e-01,4.301615540937127613e-01,5.651468030872410786e-01,3.612791894504250649e+02
4.922461230615307048e-01,4.303359145098012428e-01,5.632652885170210677e-01,-1.093240142653562089e+03
4.927463731865932561e-01,4.289836454841210456e-01,5.620464835924248170e-01,7.930383872975551185e+02
4.932466233116558074e-01,4.287819163031185155e-01,5.603281806438298318e-01,-1.490872474916808869e+03
4.937468734367183032e-01,4.274218284827215886e-01,5.591126961913120974e-01,8.388861975211278832e+02
4.942471235617808545e-01,4.273421435795642931e-01,5.573415476055834095e-01,-1.099870643819319724e+02
4.947473736868434058e-01,4.268999232419311562e-01,5.557276070680572388e-01,-3.159687573011518111e+02
4.952476238119059015e-01,4.257129625105356419e-01,5.544370309371767780e-01,7.497474743689709840e+02
4.957478739369684528e-01,4.259363054677102189e-01,5.525342984117473932e-01,-5.756874882244721903e+02
4.962481240620310041e-01,4.248350289574890915e-01,5.512064537387398877e-01,2.612826929993026397e+02
4.967483741870934999e-01,4.243661417360537480e-01,5.496041668017597193e-01,-4.912183635934517838e+02
4.972486243121560512e-01,4.232680888939741037e-01,5.482750519566574887e-01,2.867061772466252023e+02
4.977488744372185470e-01,4.228077738249521600e-01,5.466690784684030691e-01,8.416733196115127669e+01
4.982491245622810982e-01,4.227285756198191913e-01,5.448976561892566739e-01,-8.035113650652957631e+02
4.987493746873436495e-01,4.213626497508621838e-01,5.436847670426894208e-01,1.161819901589574101e+03
4.992496248124061453e-01,4.214509024055696496e-01,5.418405912071949659e-01,-2.274346389258882937e+02
4.997498749374686966e-01,4.207345046730724958e-01,5.403457761248091629e-01,-7.143706007781590017e+01
5.002501250625311924e-01,4.198712033940623090e-01,5.389146823196483416e-01,1.056864995685394746e+02
5.007503751875937992e-01,4.191662536452532839e-01,5.374147921575703757e-01,-5.100424709104813559e+01
5.012506253126562950e-01,4.182908562967922461e-01,5.359890109260618818e-01,3.410621581503068001e+02
5.017508754377187907e-01,4.184532072840171923e-01,5.341127078012218865e-01,-1.032116752404799399e+03
5.022511255627813975e-01,4.171332596322173680e-01,5.328797868495146473e-01,5.845491867679822917e+02
5.027513756878438933e-01,4.169221859459416590e-01,5.311656734820388026e-01,-3.757456289105476355e+00
5.032516258129063891e-01,4.166197736574261956e-01,5.294910601944043949e-01,-4.625614023070704093e+02
5.037518759379689959e-01,4.153953308741543671e-01,5.282167189770125004e-01,8.290951258742859409e+02
5.042521260630314917e-01,4.150549845222142320e-01,5.265586737641104742e-01,-4.316841976024182372e+02
5.047523761880939874e-01,4.138322847876718114e-01,5.252836618107483702e-01,7.734667948307467213e+02
5.052526263131565942e-01,4.140687706493834663e-01,5.233752021168022184e-01,-6.245698212408004792e+02
5.057528764382190900e-01,4.129337520782755955e-01,5.220620944761968918e-01,3.028644753012929982e+02
5.062531265632815858e-01,4.125054402320419977e-01,5.204421632999388647e-01,-6.171952854364707264e+02
5.067533766883440816e-01,4.113231029991224474e-01,5.191495062137820860e-01,4.786868263075327832e+02
5.072536268134066884e-01,4.110065155694557770e-01,5.174811827473819736e-01,-1.026163261307739504e+03
5.077538769384691841e-01,4.097332679078488082e-01,5.162280739874647306e-01,5.615031145088296398e+02
5.082541270635316799e-01,4.095041886537907905e-01,5.145217077198438460e-01,-2.004015702375153296e+01
5.087543771885942867e-01,4.092003232301384963e-01,5.128477384039931142e-01,-4.582409134862650149e+02
5.092546273136567825e-01,4.079770468581184750e-01,5.115729427179998012e-01,8.268525840877358632e+02
5.097548774387192783e-01,4.076363104786699942e-01,5.099150373591920804e-01,-4.311213639402457147e+02
5.102551275637818851e-01,4.064139775007088451e-01,5.086398456811578317e-01,7.727345366241511329e+02
5.107553776888443808e-01,4.066498181686302726e-01,5.067317182247947915e-01,-6.218036084659445351e+02
5.112556278139068766e-01,4.055187327137652620e-01,5.054168866205197563e-01,2.953612602125633657e+02
5.117558779389694834e-01,4.050796554582441478e-01,5.038016243249079373e-01,-5.548532369780286899e+02
5.122561280640319792e-01,4.039535466254574048e-01,5.024845688652707087e-01,3.179590676449761872e+02
5.127563781890944750e-01,4.035255396968212560e-01,5.008645508323441575e-01,8.055517458609770642e+01
5.132566283141570818e-01,4.034086005466511748e-01,4.991094381559270099e-01,-7.540676523987232258e+02
5.137568784392195775e-01,4.020680872394024052e-01,4.978855317794608215e-01,1.391904789486502523e+03
5.142571285642820733e-01,4.018262966032336014e-01,4.961847357126840663e-01,-6.734642575174930244e+02
5.147573786893446801e-01,4.005527929219710459e-01,4.949316856988332236e-01,9.139345519216227558e+02
5.152576288144071759e-01,4.002212353981570714e-01,4.932698458079380344e-01,-4.411438406026372832e+02
5.157578789394696717e-01,3.989949978824787746e-01,4.919962918562119092e-01,7.767394441691749307e+02
5.162581290645322785e-01,3.992314916636572342e-01,4.900878543273280430e-01,-6.226419973689462495e+02
5.167583791895947742e-01,3.981000038369451044e-01,4.887731094481368443e-01,2.957282092716565103e+02
5.172586293146572700e-01,3.976612905742417658e-01,4.871577883177322099e-01,-5.555373217839412519e+02
5.177588794397198768e-01,3.965349058829347184e-01,4.858409398607312912e-01,3.184121932759059632e+02
5.182591295647823726e-01,3.961072728323495884e-01,4.842207631645177868e-01,7.954659307493349729e+01
5.187593796898448684e-01,3.959908456599418591e-01,4.824654306747074850e-01,-7.539587734649413733e+02
5.192596298149073641e-01,3.946492303370492394e-01,4.812419983725504946e-01,1.380755657316628231e+03
5.197598799399699709e-01,3.944292580490541544e-01,4.795316795061048687e-01,-7.169858436398673120e+02
5.202601300650324667e-01,3.930940486018755786e-01,4.783054635777670982e-01,1.037432182012697240e+03
5.207603801900949625e-01,3.932916590556724823e-01,4.764138556584540107e-01,-4.181624700336853380e+02
5.212606303151575693e-01,3.923333255280546106e-01,4.750239997980872930e-01,1.200287465945402516e+02
5.217608804402200651e-01,3.917190933941332998e-01,4.734848352516763392e-01,-2.527050880677533087e+02
5.222611305652825608e-01,3.907190889811317791e-01,4.721130943461993579e-01,2.366205841230968758e+02
5.227613806903451676e-01,3.902385903049435667e-01,4.705159302738262661e-01,-5.396884656621579097e+02
5.232616308154076634e-01,3.891182609462180975e-01,4.691963943855980701e-01,3.158829298472036839e+02
5.237618809404701592e-01,3.886888099808253894e-01,4.675770514625435803e-01,7.883123156270461607e+01
5.242621310655327660e-01,3.885723445659479691e-01,4.658218102638276847e-01,-7.533535775301693320e+02
5.247623811905952618e-01,3.872308183138878923e-01,4.645983318247274285e-01,1.380246853870045243e+03
5.252626313156577575e-01,3.870107191184569695e-01,4.628879859812600750e-01,-7.165999594236172925e+02
5.257628814407203643e-01,3.856756028198387587e-01,4.616617001894179340e-01,1.037220154958641160e+03
5.262631315657828601e-01,3.858732812587489791e-01,4.597701274968578611e-01,-4.183614057881216581e+02
5.267633816908453559e-01,3.849147421384519485e-01,4.583803035485007893e-01,1.201837403586413160e+02
5.272636318159079627e-01,3.843007228289153643e-01,4.568410706000969879e-01,-2.530639427585502403e+02
5.277638819409704585e-01,3.833005109555137069e-01,4.554694136438500185e-01,2.368341771369497053e+02
5.282641320660329542e-01,3.828201960422796812e-01,4.538721302500936527e-01,-5.400545626960466734e+02
5.287643821910955610e-01,3.816997562121391963e-01,4.525527043188926068e-01,3.159344812845590127e+02
5.292646323161580568e-01,3.812703761113580003e-01,4.509332849456890169e-01,7.967146795782336710e+01
5.297648824412205526e-01,3.811528904699868492e-01,4.491784118061431519e-01,-7.525499105321100615e+02
5.302651325662830484e-01,3.798128027145625252e-01,4.479543166944872090e-01,1.390415452200963045e+03
5.307653826913456552e-01,3.795690326943929049e-01,4.462543234922673463e-01,-6.689965266166378797e+02
5.312656328164081510e-01,3.783005905350781406e-01,4.449991380554109699e-01,8.993980675300325629e+02
5.317658829414706467e-01,3.779313402351597295e-01,4.433536534998859246e-01,-3.790289136019101761e+02
5.322661330665332535e-01,3.768208772459093470e-01,4.420298469404807529e-01,4.412589259102911114e+02
5.327663831915957493e-01,3.762735656363502268e-01,4.404616451641135688e-01,-1.601730556723274503e+02
5.332666333166582451e-01,3.753600769923799430e-01,4.390523469040852333e-01,1.111797286991537419e+02
5.337668834417208519e-01,3.746074745212338852e-01,4.375732816814799087e-01,2.076993464272823076e+01
5.342671335667833477e-01,3.739044439027888744e-01,4.360726380331791385e-01,-1.820034907960406940e+02
5.347673836918458434e-01,3.729424469287005994e-01,4.346844032502999444e-01,2.067289409073790694e+02
5.352676338169084502e-01,3.724405199018091528e-01,4.330965384441240462e-01,-5.354768589717494933e+02
5.357678839419709460e-01,3.712876663041887459e-01,4.317911212193006332e-01,4.422405378496969206e+02
5.362681340670334418e-01,3.709548774688288808e-01,4.301298211116230119e-01,-1.041928239552710011e+03
5.367683841920960486e-01,3.696523019592055648e-01,4.288893863452769573e-01,7.752225173751426155e+02
5.372686343171585444e-01,3.694340915512693835e-01,4.271783589503050371e-01,-1.637581807444505330e+03
5.377688844422210401e-01,3.680455222850756436e-01,4.259753027000036663e-01,1.218996412113088581e+03
5.382691345672836469e-01,3.678689267439740895e-01,4.242461537164959329e-01,-1.261349177661759541e+03
5.387693846923461427e-01,3.664764956132021134e-01,4.230447729876938845e-01,1.616507777921116030e+03
5.392696348174086385e-01,3.662651811588437112e-01,4.213307533963198126e-01,-8.113162210204433222e+02
5.397698849424712453e-01,3.649518806499813528e-01,4.200949729705082403e-01,1.096548322263587806e+03
5.402701350675337411e-01,3.646320321389389663e-01,4.184280570314407033e-01,-4.676554449910649396e+02
5.407703851925962368e-01,3.634635925541987445e-01,4.171294039548082422e-01,5.738880869998720300e+02
5.412706353176588436e-01,3.629788176249078013e-01,4.155340945705556233e-01,-2.255529756052300456e+02
5.417708854427213394e-01,3.619977826661882614e-01,4.141541236274939863e-01,2.115855565888846570e+02
5.422711355677838352e-01,3.613175863065096749e-01,4.126435683738957638e-01,-4.148459430013652849e+01
5.427713856928463310e-01,3.605338251682208006e-01,4.111780273505717953e-01,-5.333649238089459743e+01
5.432716358179089378e-01,3.597022665366858551e-01,4.097331667729112725e-01,5.028363407343720581e+01
5.437718859429714335e-01,3.589588359349304425e-01,4.082500944009709865e-01,2.518629029962272909e+02
5.442721360680339293e-01,3.590613998803103279e-01,4.063997301595947964e-01,-1.253743107104985938e+03
5.447723861930965361e-01,3.576659913266517776e-01,4.051995746487671024e-01,1.136068262279510463e+03
5.452726363181590319e-01,3.574976187570784725e-01,4.034669246925525199e-01,-1.308090273930543844e+03
5.457728864432215277e-01,3.561015019917962987e-01,4.022670831125280677e-01,1.562689923051389769e+03
5.462731365682841345e-01,3.559009649523240393e-01,4.005483992660963111e-01,-8.772402248918831447e+02
5.467733866933466302e-01,3.545699725148903081e-01,3.993203387817655381e-01,1.196913970490561724e+03
5.472736368184091260e-01,3.542721449407604251e-01,3.976438117352442680e-01,-5.154211580442021159e+02
5.477738869434717328e-01,3.530766982871743065e-01,3.963569455267906827e-01,6.461471711769751209e+02
5.482741370685342286e-01,3.526214217233399895e-01,3.947487935842454720e-01,-2.596841830903167079e+02
5.487743871935967244e-01,3.516085509686401878e-01,3.933826341978898800e-01,2.617418100440445983e+02
5.492746373186593312e-01,3.509581184000972742e-01,3.918591847211922996e-01,-6.560317717671580340e+01
5.497748874437218269e-01,3.501520921750975734e-01,3.904032496601142488e-01,-3.740570940303384617e+01
5.502751375687843227e-01,3.492914172273877682e-01,3.889710898599794131e-01,1.126402773804146591e+02
5.507753876938469295e-01,3.486938947987767712e-01,3.874246488843627878e-01,-3.490642227510725206e+02
5.512756378189094253e-01,3.476304876257689802e-01,3.860804334691795292e-01,3.180334592155700761e+02
5.517758879439719211e-01,3.472205335218864763e-01,3.844526491551280012e-01,-7.714367969187073868e+02
5.522761380690345279e-01,3.459844984730472972e-01,3.831833319754600065e-01,5.977891755703449235e+02
5.527763881940970236e-01,3.457185829857446491e-01,3.814930100065630492e-01,-1.363427105660935922e+03
5.532766383191595194e-01,3.443626230300632640e-01,3.802757438927621969e-01,9.920417470594136375e+02
5.537768884442221262e-01,3.441752499070940829e-01,3.785513377198563845e-01,-1.476417347807992201e+03
5.542771385692846220e-01,3.427740598282090212e-01,3.773538508179059559e-01,1.448535454638094961e+03
5.547773886943471178e-01,3.425896174994328969e-01,3.756282670436417170e-01,-1.023499516811854278e+03
5.552776388194096135e-01,3.412274054508442345e-01,3.744138572447101021e-01,1.405584083726170775e+03
5.557778889444722203e-01,3.409772609272483934e-01,3.727165861817831605e-01,-6.372669794515772992e+02
5.562781390695347161e-01,3.397075686095853975e-01,3.714619722278711955e-01,8.729840248594961167e+02
5.567783891945972119e-01,3.394865617837612981e-01,3.697520678559294005e-01,-6.525740790065101464e+02
5.572786393196598187e-01,3.378115054775386317e-01,3.686735029888107973e-01,1.364028553472438432e+02
5.577788894447223145e-01,3.367843257961860570e-01,3.673135924984373135e-01,5.083781782957284463e+02
5.582791395697848102e-01,3.363788048571497158e-01,3.656837825908400008e-01,-3.468989272388626546e+02
5.587793896948474170e-01,3.352553331836102823e-01,3.643656823073662121e-01,5.120077533601697723e+02
5.592796398199099128e-01,3.349237829637748409e-01,3.627037788310846222e-01,-5.142350111026937611e+02
5.597798899449724086e-01,3.332046759140891434e-01,3.616443369409851893e-01,1.953864879854968990e+02
5.602801400700350154e-01,3.323439985165872468e-01,3.602121295968297443e-01,2.540618328608110517e+02
5.607803901950975112e-01,3.317849725373004932e-01,3.586490022341438655e-01,-1.759274456330128373e+02
5.612806403201600070e-01,3.308149201513397308e-01,3.572642981267474260e-01,2.565348821129018688e+02
5.617808904452226137e-01,3.303488249561050694e-01,3.556607674674061581e-01,-3.990760373255275795e+02
5.622811405702851095e-01,3.286046363171470364e-01,3.546122221320878176e-01,2.668310390298667016e+02
5.627813906953476053e-01,3.279113421341982026e-01,3.531073433716698240e-01,4.384365488157881430e+01
5.632816408204102121e-01,3.271851538044094343e-01,3.516167605229764681e-01,-3.123883072412588646e+01
5.637818909454727079e-01,3.263821930245741076e-01,3.501596608523547816e-01,4.620675884736014183e+01
5.642821410705352037e-01,3.257624969904590051e-01,3.486229796840095707e-01,-3.039166816583675086e+02
5.647823911955978105e-01,3.240137077085263329e-01,3.475763800053952024e-01,3.536465064670602487e+02
5.652826413206603062e-01,3.234800317903975264e-01,3.460023599329906108e-01,-1.579998563265928055e+02
5.657828914457228020e-01,3.225846430642175244e-01,3.445853931515379109e-01,1.084932504132062974e+02
5.662831415707852978e-01,3.219509015330033752e-01,3.430546127491527209e-01,-1.555020382278796660e+02
5.667833916958479046e-01,3.211664767569236689e-01,3.415893304558953458e-01,-2.260572473394419717e+02
5.672836418209104004e-01,3.194334772772911557e-01,3.405359131015754381e-01,4.594512122303362389e+02
5.677838919459728961e-01,3.190438709071139467e-01,3.388993535426548798e-01,-3.881970928832719778e+02
5.682841420710355029e-01,3.179876887175046574e-01,3.375521656448754459e-01,2.645305032404028225e+02
5.687843921960979987e-01,3.175148302111988619e-01,3.359515894624393040e-01,-3.851603541994285820e+02
5.692846423211604945e-01,3.165625755266976427e-01,3.345591487275488829e-01,-1.616020738148312432e+02
5.697848924462231013e-01,3.148657773628250056e-01,3.334900211884310184e-01,5.854119112932277176e+02
5.702851425712855971e-01,3.145965974697401135e-01,3.318010353047082250e-01,-6.827430188431656006e+02
5.707853926963480928e-01,3.133991776714279420e-01,3.305150419335145529e-01,4.596051209401872484e+02
5.712856428214106996e-01,3.130677108963487720e-01,3.288530792460788721e-01,-6.785257164264894527e+02
5.717858929464731954e-01,3.119526169192118892e-01,3.275313397129707149e-01,-1.074736633621668176e+02
5.722861430715356912e-01,3.103112049476775547e-01,3.264381698042993496e-01,7.316207897475601385e+02
5.727863931965982980e-01,3.101334784340543660e-01,3.247094703707383845e-01,-1.093262448823329578e+03
5.732866433216607938e-01,3.088111506939423823e-01,3.234777128156460235e-01,7.965702279524929281e+02
5.737868934467232895e-01,3.086011425764633165e-01,3.217630129104567249e-01,-1.583660603337496013e+03
5.742871435717858963e-01,3.072195253392117076e-01,3.205570577671241761e-01,1.113143086138728449e+03
5.747873936968483921e-01,3.070756723231207186e-01,3.188135723860978654e-01,-1.019402851575227714e+03
5.752876438219108879e-01,3.056560241429920333e-01,3.176241294580855468e-01,-4.743245326880952462e+00
5.757878939469734947e-01,3.042115361386010242e-01,3.164454122541691117e-01,1.004971723270331495e+03
5.762881440720359905e-01,3.040758860587928214e-01,3.146984270277474183e-01,-1.193264607758757165e+03
5.767883941970984862e-01,3.026863024151023041e-01,3.134959245756896995e-01,1.540192772520802237e+03
5.772886443221610930e-01,3.024887747221041145e-01,3.117760217238497167e-01,-8.683662430458712151e+02
5.777888944472235888e-01,3.011487502647775538e-01,3.105519751624282732e-01,1.185992992023607485e+03
5.782891445722860846e-01,3.009827410822963345e-01,3.088181746510121339e-01,-7.595440567824005029e+02
5.787893946973485804e-01,2.993637978883508244e-01,3.077151967190453474e-01,1.025510039191296130e+02
5.792896448224111872e-01,2.982037436907778449e-01,3.064130566687850998e-01,7.504571350797398281e+02
5.797898949474736829e-01,2.980174437557986944e-01,3.046882720404960332e-01,-7.124997804653326057e+02
5.802901450725361787e-01,2.964298838480768916e-01,3.035716869891844638e-01,8.013549110770075856e+01
5.807903951975987855e-01,2.952407736348701128e-01,3.022821598045103975e-01,8.242015356529238943e+02
5.812906453226612813e-01,2.950406226281923061e-01,3.005633870527189000e-01,-6.991705564896543592e+02
5.817908954477237771e-01,2.935508237896673478e-01,2.994043694565738378e-01,2.097221012062174452e+02
5.822911455727863839e-01,2.922439569836968176e-01,2.981659538052859881e-01,-2.294459509306335576e+02
5.827913956978488796e-01,2.908542059697502014e-01,2.969634696335886614e-01,1.027762688111080024e+03
5.832916458229113754e-01,2.907357733364083763e-01,2.952090145246739628e-01,-9.403139651963559800e+02
5.837918959479739822e-01,2.893002879689141604e-01,2.940264412361653368e-01,8.042239949445173508e+00
5.842921460730364780e-01,2.878891906390662614e-01,2.928332249404601018e-01,9.330885960820266973e+02
5.847923961980989738e-01,2.877773682601833527e-01,2.910758947432001698e-01,-9.328348952885196468e+02
5.852926463231615806e-01,2.863647229694680774e-01,2.898833505932665866e-01,-3.863189125688454961e+00
5.857928964482240763e-01,2.849332889481037689e-01,2.886990183459814951e-01,9.191312486766994425e+02
5.862931465732865721e-01,2.848206566637164205e-01,2.869420448232442578e-01,-9.467275462913172532e+02
5.867933966983491789e-01,2.834290976745877377e-01,2.857403456988301671e-01,-1.196083086725086986e+01
5.872936468234116747e-01,2.819779583699942305e-01,2.845645685644437317e-01,9.013178528297236198e+02
5.877938969484741705e-01,2.818632966475577706e-01,2.828084765425179503e-01,-9.560153936096088501e+02
5.882941470735367773e-01,2.804936612072709279e-01,2.815972455577417377e-01,-2.366366560096421878e+01
5.887943971985992730e-01,2.790204359230052389e-01,2.804310659167202346e-01,9.052151366100405312e+02
5.892946473236617688e-01,2.788998916459690669e-01,2.786774609613145715e-01,-1.070769566526764493e+03
5.897948974487242646e-01,2.775407208307726359e-01,2.774617555964027926e-01,1.954585682622029026e+02
5.902951475737868714e-01,2.762284762597575494e-01,2.762256793343104144e-01,-1.987025636272780389e+02
5.907953976988493672e-01,2.747269157850361077e-01,2.750717478339282374e-01,6.474011665356454159e+02
5.912956478239118630e-01,2.745008948093138335e-01,2.733639957864565373e-01,-7.874493221098457525e+02
5.917958979489744697e-01,2.733305052495111909e-01,2.720663237734125550e-01,1.637466340127933861e+01
5.922961480740369655e-01,2.719047311639770093e-01,2.708794848227528140e-01,6.946229961538126929e+01
5.927963981990994613e-01,2.706851839833708251e-01,2.696031388509985138e-01,-1.319211066161298049e+02
5.932966483241620681e-01,2.691381583089277330e-01,2.684689712041333776e-01,2.755702401494192486e+02
5.937968984492245639e-01,2.685537682597544662e-01,2.669168067800207766e-01,-8.056627428984461403e+01
5.942971485742870597e-01,2.678296756281322022e-01,2.654253512621970734e-01,-1.882484116842712467e+02
5.947973986993496665e-01,2.663197604003491037e-01,2.642750640723140476e-01,9.324217370303624364e+01
5.952976488244121622e-01,2.650475902877810763e-01,2.630215402906643241e-01,-2.238295218159499456e+01
5.957978989494746580e-01,2.637458332554466489e-01,2.617809153992928239e-01,1.867174723803556313e-01
5.962981490745372648e-01,2.623594537492834333e-01,2.605770108139159880e-01,-6.566879179414993928e+01
5.967983991995997606e-01,2.611173662310460331e-01,2.593104105371787371e-01,9.767520609589985270e+02
5.972986493246622564e-01,2.609383390158266369e-01,2.575822730283027773e-01,-7.481906174964262846e+02
5.977988994497248632e-01,2.594343528554191591e-01,2.564294360934057937e-01,1.822211897196499137e+02
5.982991495747873589e-01,2.581430892670722455e-01,2.551841886439835672e-01,-8.211227911521991985e+01
5.987993996998498547e-01,2.568193300516332656e-01,2.539531073073569289e-01,6.641262335813658524e+01
5.992996498249124615e-01,2.555428298820681121e-01,2.527014529940646570e-01,-1.647515140556146207e+02
5.997998999499749573e-01,2.540081955200886310e-01,2.515619172907089807e-01,5.698572434293296283e+02
6.003001500750374531e-01,2.537358227156358281e-01,2.498743152735566631e-01,-6.207536818642719254e+02
6.008004002001000599e-01,2.526396871685961942e-01,2.485443435181322880e-01,-9.569901032842302868e+00
6.013006503251625556e-01,2.512115742705289256e-01,2.473585543542697052e-01,2.976507121039316672e+01
6.018009004502250514e-01,2.499203109414640522e-01,2.461133717071204152e-01,8.433549218963566574e+00
6.023011505752875472e-01,2.486408296806327245e-01,2.448630375232576373e-01,-6.531370096053116470e+01
6.028014007003501540e-01,2.471642406963965310e-01,2.436982467690488874e-01,1.025084322627362212e+02
6.033016508254126498e-01,2.462683981716203563e-01,2.422814376889715904e-01,2.920169570558618375e+02
6.038019009504751455e-01,2.458377170843635273e-01,2.406627205840780603e-01,-3.891025363216197661e+02
6.043021510755377523e-01,2.442920803156224396e-01,2.395279452930237918e-01,1.404967617064835110e+02
6.048024012006002481e-01,2.430310367888815493e-01,2.382696258791451027e-01,-4.843830984072683066e+01
6.053026513256627439e-01,2.416994907016219440e-01,2.370418683119493164e-01,1.430316297084317512e+01
6.058029014507253507e-01,2.403819585404889103e-01,2.358080840201755290e-01,2.807304610968835434e-01
6.063031515757878465e-01,2.390653400663051431e-01,2.345739047616626216e-01,-1.376319609371348207e+01
6.068034017008503422e-01,2.377323377967687779e-01,2.333467808335811799e-01,4.537909601772449975e+01
6.073036518259129490e-01,2.364731208195194889e-01,2.320876639188008406e-01,-1.317792869699582354e+02
6.078039019509754448e-01,2.349305429200100326e-01,2.309515603463400679e-01,3.376580597025146631e+02
6.083041520760379406e-01,2.344383422379844595e-01,2.293593708124681274e-01,-2.013333719065769571e+02
6.088044022011005474e-01,2.336128686582343572e-01,2.279119312543352871e-01,-1.375803554588865438e+02
6.093046523261630432e-01,2.321175686315397335e-01,2.267552914225605121e-01,8.369911511599359244e+01
6.098049024512255389e-01,2.308552745699003483e-01,2.254974837279044853e-01,-3.055757613183822485e+01
6.103051525762881457e-01,2.295198788581792881e-01,2.242714657126434197e-01,1.060956913006726943e+01
6.108054027013506415e-01,2.282048556088313029e-01,2.230365740115970996e-01,-3.486864793571146315e+00
6.113056528264131373e-01,2.268849161467242359e-01,2.218037788284807910e-01,1.089933230169805256e+00
6.118059029514757441e-01,2.255658940408272195e-01,2.205706404714369573e-01,-2.828458994908749635e-01
6.123061530765382399e-01,2.242468145675594604e-01,2.193375303725408898e-01,4.864123208734336817e-02
6.128064032016007356e-01,2.229276772006802132e-01,2.181043867955366200e-01,-1.066784099707842638e-02
6.133066533266633424e-01,2.216085795121221225e-01,2.168712691741699061e-01,2.395032298315429280e-03
6.138069034517258382e-01,2.202894638967295982e-01,2.156381391464267938e-01,5.965929831856317360e-03
6.143071535767883340e-01,2.189703568501301933e-01,2.144049933783761797e-01,-1.972472876643560635e-02
6.148074037018508298e-01,2.176512407381886727e-01,2.131719187661356429e-01,1.641310242272040962e-02
6.153076538269134366e-01,2.163321432578543257e-01,2.119387685269253363e-01,2.011976380493737254e-02
6.158079039519759323e-01,2.150130111329267291e-01,2.107056691311689489e-01,-2.048909037678926515e-01
6.163081540770384281e-01,2.136938987779171406e-01,2.094725742368414578e-01,1.080814081688289630e+00
6.168084042021010349e-01,2.123750152047831352e-01,2.082388958754280706e-01,-3.435997183084581241e+00
6.173086543271635307e-01,2.110545714951732044e-01,2.070091594496955012e-01,1.062513165832257656e+01
6.178089044522260265e-01,2.097412075518865215e-01,2.057613123268659527e-01,-3.164131452220538776e+01
6.183091545772886333e-01,2.084009085182752241e-01,2.045825121753467868e-01,8.921286069453678635e+01
6.188094047023511290e-01,2.071511072940852571e-01,2.031716442135924339e-01,-1.770371476668426567e+02
6.193096548274136248e-01,2.056191030916040829e-01,2.024835837829587759e-01,-1.227527048061894277e+02
6.198099049524762316e-01,2.039855396131390330e-01,2.020192013551040944e-01,3.304908675419383712e+02
6.203101550775387274e-01,2.027940052055225706e-01,2.005608132577855196e-01,-1.692886483754288633e+02
6.208104052026012232e-01,2.013279077986354360e-01,1.994378998584815099e-01,6.203904111192635895e+01
6.213106553276638300e-01,2.002761373198627126e-01,1.980763784087808121e-01,5.261817028364398539e+02
6.218109054527263257e-01,1.999117178950332308e-01,1.964498774119657065e-01,-4.076341179025735073e+02
6.223111555777888215e-01,1.986286136201226293e-01,1.951401494205861620e-01,8.435055552105951620e+02
6.228114057028514283e-01,1.996134032006034731e-01,1.933739265771673987e-01,1.143136431785212181e+02
6.233116558279139241e-01,1.998941083408771191e-01,1.927613028171403786e-01,-8.049384090878852760e+01
6.238119059529764199e-01,1.975946487094550619e-01,1.926643740618912137e-01,-9.305262302309080269e+02
6.243121560780390267e-01,1.981649114304471770e-01,1.939396981911232776e-01,-4.051161611128367213e+02
6.248124062031015225e-01,1.989447906438810421e-01,1.931320449497822278e-01,-5.097269075724275353e+02
6.253126563281640182e-01,1.975336481119037979e-01,1.923740437016634164e-01,-2.675081421390981404e+02
6.258129064532265140e-01,1.954981698763334497e-01,1.928242244215987444e-01,2.651678272870903470e+02
6.263131565782891208e-01,1.937146008839215061e-01,1.927809418880664094e-01,-3.289609214970850104e+01
6.268134067033516166e-01,1.919138548846970049e-01,1.927696411385159125e-01,-1.015165829599956879e+02
6.273136568284141124e-01,1.900777631979762849e-01,1.928326602785475352e-01,7.342201822054630611e+02
6.278139069534767192e-01,1.887467394750278193e-01,1.917205281976670783e-01,-1.634045826973218993e+02
6.283141570785392149e-01,1.872424855638857299e-01,1.905054918868184788e-01,5.739488612070294948e+02
6.288144072036017107e-01,1.869691231713892232e-01,1.888373356252694424e-01,-6.334573639568020553e+02
6.293146573286643175e-01,1.858629314849386538e-01,1.875118597096495643e-01,2.977059882720487938e+00
6.298149074537268133e-01,1.844386468550820168e-01,1.863137438816850899e-01,3.756902025062079709e+00
6.303151575787893091e-01,1.831410689936311398e-01,1.851168430318624880e-01,7.945449302305880224e+01
6.308154077038519159e-01,1.818818097894786823e-01,1.837018673718847361e-01,-2.047117855216235682e+02
6.313156578289144116e-01,1.803266925329674031e-01,1.830748442853962765e-01,-5.098967639517107386e+01
6.318159079539769074e-01,1.787326372832154231e-01,1.825366635440986429e-01,2.527977157986237557e+02
6.323161580790395142e-01,1.774751176031367506e-01,1.811481034608473650e-01,-6.759514040049332095e+01
6.328164082041020100e-01,1.761832597370364129e-01,1.798457372712050084e-01,-2.103976589161322508e+01
6.333166583291645058e-01,1.747557374900127469e-01,1.788873603753571018e-01,-4.650212733784060219e+02
6.338169084542271126e-01,1.730483829142005769e-01,1.786379067843636981e-01,5.221379827095630617e+02
6.343171585792896083e-01,1.718110903319349514e-01,1.771974522713675448e-01,-1.498105687962399486e+02
6.348174087043521041e-01,1.704699834074104026e-01,1.760200558926786063e-01,2.192980084321694889e+01
6.353176588294147109e-01,1.691551035510019951e-01,1.747762354502420956e-01,1.692664387132523700e+02
6.358179089544772067e-01,1.678753136521320688e-01,1.734434541321753509e-01,-8.581452505025597475e+02
6.363181590795397025e-01,1.661054095483753545e-01,1.733524985985784306e-01,9.790948961218758768e+02
6.368184092046023093e-01,1.647923703635291448e-01,1.721040134384247966e-01,-1.647667243464707383e+02
6.373186593296648050e-01,1.634727574390371641e-01,1.708721897958305480e-01,1.744652655764832900e+02
6.378189094547273008e-01,1.622214845244548953e-01,1.694671624647066943e-01,-5.483017507412658915e+02
6.383191595797897966e-01,1.605058023290168168e-01,1.692388147668325571e-01,5.338965841495117957e+02
6.388194097048524034e-01,1.590943468719160647e-01,1.682396912131837174e-01,-3.285458790406996510e-01
6.393196598299148992e-01,1.577992031088659153e-01,1.669458195133491640e-01,7.912669081785440994e+01
6.398199099549773949e-01,1.565422579487866228e-01,1.655551881240002188e-01,-2.777379159287921198e+02
6.403201600800400017e-01,1.549357739499930275e-01,1.650501935553570221e-01,7.330292687037575661e+01
6.408204102051024975e-01,1.533756214984236810e-01,1.644278127348789420e-01,2.715502442802036285e+02
6.413206603301649933e-01,1.522009278343260941e-01,1.628287756957943755e-01,-3.099391518998214110e+02
6.418209104552276001e-01,1.506145029728975515e-01,1.622729180411534022e-01,-1.744595762367946534e+01
6.423211605802900959e-01,1.490149287729021221e-01,1.617504176724713083e-01,3.272933743071513391e+02
6.428214107053525916e-01,1.478377531148248047e-01,1.601576995104024292e-01,-2.508072934531790850e+02
6.433216608304151984e-01,1.462966397587485423e-01,1.594870791555519918e-01,-1.354353743458837016e+02
6.438219109554776942e-01,1.446537870816179128e-01,1.590741969978578529e-01,4.019251279648130435e+02
6.443221610805401900e-01,1.434775264121930238e-01,1.574791211520983336e-01,-2.062549777342628090e+02
6.448224112056027968e-01,1.419672674314765570e-01,1.567303357187434243e-01,-1.935646729430869755e+02
6.453226613306652926e-01,1.403641419442352989e-01,1.562167855711788234e-01,1.777182945651780699e+02
6.458229114557277883e-01,1.389130328540579551e-01,1.553180529926661280e-01,-2.313024024477217040e+02
6.463231615807903951e-01,1.373271040609176652e-01,1.547609834886185254e-01,1.151610626653393723e+02
6.468234117058528909e-01,1.358448875336866757e-01,1.539411316182203726e-01,-1.084815583011026945e+02
6.473236618309153867e-01,1.342959824119200340e-01,1.532902466734128166e-01,3.061767085565553970e+01
6.478239119559779935e-01,1.327753162469930137e-01,1.525678207235518780e-01,1.719588135846086629e+01
6.483241620810404893e-01,1.312653806451777594e-01,1.518181659632052427e-01,-5.398750289064293639e+01
6.488244122061029850e-01,1.297057566145437824e-01,1.511944088864507207e-01,1.445238116277792244e+02
6.493246623311654808e-01,1.282345415816326384e-01,1.503466907883695414e-01,-1.414106082469618855e+02
6.498249124562280876e-01,1.266368338609631661e-01,1.498194542787064931e-01,2.812960825414784836e+02
6.503251625812905834e-01,1.252030246293398263e-01,1.488769565974688569e-01,-2.358861436408660950e+02
6.508254127063530792e-01,1.235691288660026171e-01,1.484414146146576241e-01,4.355872373453908608e+02
6.513256628314156860e-01,1.221703359275266437e-01,1.474101535555696063e-01,-3.413488928083760356e+02
6.518259129564781817e-01,1.205033767231884628e-01,1.470583575472489413e-01,6.112292744934067059e+02
6.523261630815406775e-01,1.191349671089889928e-01,1.459501644913407947e-01,-4.521838246157021217e+02
6.528264132066032843e-01,1.174420890200484208e-01,1.456640575020618500e-01,7.433343618608327006e+02
6.533266633316657801e-01,1.160821940682862513e-01,1.445342732797574303e-01,-3.990880541148992506e+02
6.538269134567282759e-01,1.144036833996057573e-01,1.442117591769051521e-01,-6.588900778365558608e+01
6.543271635817908827e-01,1.126206743662814674e-01,1.441540089929224111e-01,8.047045152577647968e+02
6.548274137068533785e-01,1.113211126485611213e-01,1.428713221484337326e-01,-1.281874807916379268e+03
6.553276638319158742e-01,1.095680997395062917e-01,1.427375749121151394e-01,9.429148259592736849e+02
6.558279139569784810e-01,1.082672543850907582e-01,1.414581951233010171e-01,-1.319949287563688813e+03
6.563281640820409768e-01,1.065256266676234131e-01,1.412955936814617453e-01,7.806820020760037551e+02
6.568284142071034726e-01,1.052108560561898914e-01,1.400514425049315670e-01,-1.077738784008986386e+03
6.573286643321660794e-01,1.034786789985359667e-01,1.398649097661201768e-01,6.537969361564015571e+02
6.578289144572285752e-01,1.021664229314857425e-01,1.386144354563418890e-01,-9.164126665146427513e+02
6.583291645822910709e-01,1.002864219745094598e-01,1.388024133732127241e-01,2.862788104238483129e+02
6.588294147073536777e-01,9.876980135348352452e-02,1.380697331422053864e-01,3.121846795740644609e+01
6.593296648324161735e-01,9.726838990624606107e-02,1.372985214519987229e-01,-1.008100772874334154e+02
6.598299149574786693e-01,9.570269205835225945e-02,1.366901523074245117e-01,9.677819037157499338e+01
6.603301650825412761e-01,9.424797896794390173e-02,1.358005844273158791e-01,-4.047320709021903440e+02
6.608304152076037719e-01,9.234988546870596948e-02,1.360344246462581175e-01,7.357474380518441421e+02
6.613306653326662676e-01,9.100230994415743624e-02,1.348734420687257851e-01,-4.235153657594605647e+02
6.618309154577287634e-01,8.931510486560249873e-02,1.345729617069430784e-01,6.230910288122897782e+02
6.623311655827913702e-01,8.793811295569022024e-02,1.334865103450867951e-01,-3.320712310412114334e+02
6.628314157078538660e-01,8.628382480212447303e-02,1.331026306835909334e-01,-9.545886626416258025e+01
6.633316658329163618e-01,8.448105797512771298e-02,1.330949200680269229e-01,9.080858190666571090e+02
6.638319159579789686e-01,8.318683646874792947e-02,1.317987034945095060e-01,-1.181560231423559344e+03
6.643321660830414643e-01,8.142563343943676202e-02,1.316857062567683145e-01,1.045052102317055869e+03
6.648324162081039601e-01,8.013404816175458134e-02,1.303828644102241752e-01,-1.055776951708767001e+03
6.653326663331665669e-01,7.830625233881403913e-02,1.304385924410033093e-01,1.393930272584210854e+02
6.658329164582290627e-01,7.668800528174576914e-02,1.299633785656804930e-01,2.430594896836742294e+02
6.663331665832915585e-01,7.528079168219892203e-02,1.289534514550927380e-01,-4.577316361897628099e+02
6.668334167083541653e-01,7.362635329354590141e-02,1.285699565021374280e-01,3.087757105627283067e+02
6.673336668334166610e-01,7.224127148143409671e-02,1.275040025478546279e-01,-5.506937400821395840e+02
6.678339169584791568e-01,7.039790082196907550e-02,1.275991783306649474e-01,-2.789418875484913229e+01
6.683341670835417636e-01,6.856003157589812824e-02,1.276804178212705698e-01,7.017705518540255980e+02
6.688344172086042594e-01,6.720099220202734036e-02,1.265484829810847311e-01,-3.604902681815684673e+02
6.693346673336667552e-01,6.553946126948693995e-02,1.261829525521581952e-01,4.244688504187035960e+01
6.698349174587293620e-01,6.372238430042660717e-02,1.262115211754956945e-01,-5.825678249347375726e+01
6.703351675837918577e-01,6.191361129518371115e-02,1.262190504814508785e-01,1.579465090705536490e+01
6.708354177088543535e-01,6.011947096244019129e-02,1.261895056152616545e-01,-8.688462531290565494e+01
6.713356678339169603e-01,5.826761259633735091e-02,1.263061952386262954e-01,5.954645922597663912e+02
6.718359179589794561e-01,5.688470538818447830e-02,1.252346818578089771e-01,-2.709267133091599362e+02
6.723361680840419519e-01,5.525718334075866572e-02,1.247829672409417612e-01,-1.644472707040146986e+01
6.728364182091045587e-01,5.343397843515108186e-02,1.248270635502214537e-01,-7.824990795080225325e+01
6.733366683341670544e-01,5.163178597281684046e-02,1.248179185514373124e-01,1.602026627249664514e+01
6.738369184592295502e-01,4.979146871610382052e-02,1.249053607987889031e-01,2.036118915278120198e+02
6.743371685842920460e-01,4.826708122723401273e-02,1.241923594559657673e-01,5.121327466749151824e+01
6.748374187093546528e-01,4.679435536131828360e-02,1.233484640078293809e-01,-3.172742299372346793e+02
6.753376688344171486e-01,4.494646782387540229e-02,1.234550955145260892e-01,2.732821896344076862e+01
6.758379189594796443e-01,4.314714545735080786e-02,1.234386806498267292e-01,1.046132053455729682e+01
6.763381690845422511e-01,4.134107148993942243e-02,1.234393598826638849e-01,-3.801781567146110152e+00
6.768384192096047469e-01,3.953509923778585761e-02,1.234398087935300176e-01,6.950816853943424523e-01
6.773386693346672427e-01,3.772934524090326702e-02,1.234396045788959950e-01,-2.410720697698169046e-01
6.778389194597298495e-01,3.592358844356873665e-02,1.234397838688666427e-01,8.972565600228508131e-01
6.783391695847923453e-01,3.411774649728629982e-02,1.234396832553636414e-01,-4.487309321596995026e+00
6.788394197098548410e-01,3.231075093516478508e-02,1.234366568387428031e-01,-8.352726409160065035e-01
6.793396698349174478e-01,3.051480990402525434e-02,1.234616394331454065e-01,7.080881447969456133e+01
6.798399199599799436e-01,2.866268100183197789e-02,1.233442652087231306e-01,-5.165361307768866936e+02
6.803401700850424394e-01,2.725871911007449536e-02,1.243623849957537358e-01,2.086460889553420657e+02
6.808404202101050462e-01,2.565808981013290718e-02,1.248822219120786919e-01,7.327848274476662027e+01
6.813406703351675420e-01,2.382830494340449842e-02,1.248214571153882652e-01,-1.896864582838406577e+01
6.818409204602300377e-01,2.201204263812044787e-02,1.247949515463987746e-01,4.392400330260520747e+01
6.823411705852926445e-01,2.035439407393984518e-02,1.251703431064236927e-01,-3.458278533092106386e+02
6.828414207103551403e-01,1.897462960022782211e-02,1.262498028178524467e-01,5.936890764631629054e+02
6.833416708354176361e-01,1.730206864601221278e-02,1.265874726327923805e-01,-3.663345978546304309e+02
6.838419209604802429e-01,1.591997199251685147e-02,1.276607270402510819e-01,5.314978462238950669e+02
6.843421710855427387e-01,1.420836726192192291e-02,1.279008769782766508e-01,-5.406386767440922085e+02
6.848424212106052344e-01,1.302427588588198418e-02,1.294712205481675371e-01,1.538408749728311591e+02
6.853426713356677302e-01,1.157907244138781447e-02,1.303954370505180371e-01,4.243540087117648909e+02
6.858429214607303370e-01,9.899622042875337244e-03,1.306513526736306219e-01,-5.242821414277046870e+02
6.863431715857928328e-01,8.562177199728307486e-03,1.320343661547810354e-01,1.541978498420106973e+02
6.868434217108553286e-01,7.391911414418722570e-03,1.333012490708969100e-01,-8.062355664485213538e+02
6.873436718359179354e-01,7.190625317864384088e-03,1.350252187854700803e-01,6.943283119742153531e+02
6.878439219609804312e-01,5.570294190687398971e-03,1.361246690741122201e-01,-9.827952874960003271e+01
6.883441720860429269e-01,4.438626396035357490e-03,1.374397523275020239e-01,-7.109883673113831719e+02
6.888444222111055337e-01,4.137581411058403880e-03,1.391148363783082931e-01,5.128238508490943559e+02
6.893446723361680295e-01,2.868922607853003921e-03,1.403698402822312341e-01,-8.802816435660112120e+02
6.898449224612305253e-01,3.080605384204538558e-03,1.422674680895867072e-01,4.808310000769616863e+02
6.903451725862931321e-01,2.091663297878675835e-03,1.436439841016301788e-01,-1.107979420524856522e+02
6.908454227113556279e-01,1.399056991979441599e-03,1.451491857721428635e-01,-2.392667202566112508e+02
6.913456728364181236e-01,1.494630154433961543e-03,1.469965197842328097e-01,1.178740543372382945e+03
6.918459229614807304e-01,1.254511021970313030e-04,1.482083645873004951e-01,-8.532951527465785375e+02
6.923461730865432262e-01,1.245935514298626123e-05,1.499660794707710076e-01,2.088477306538161145e+02
6.928464232116057220e-01,1.429617380149360820e-05,1.517533796484503983e-01,4.127811613011395764e+01
6.933466733366683288e-01,-8.681092424550120870e-05,1.536097810083579263e-01,-7.147401963730410444e+02
6.938469234617308246e-01,1.100019331510161376e-03,1.548990465242224002e-01,3.608691090128182850e+02
6.943471735867933203e-01,1.503220564170731173e-03,1.565300823654878770e-01,-1.273270474078808547e+02
6.948474237118559271e-01,1.459504202968218544e-03,1.583549146923592388e-01,9.259039660186314791e+01
6.953476738369184229e-01,1.894433600642014695e-03,1.599719834282609665e-01,-3.285368718180315568e+02
6.958479239619809187e-01,3.076158288310616544e-03,1.612647522949537671e-01,7.303802928140696622e+02
6.963481740870435255e-01,2.846381954145420484e-03,1.631702823731447649e-01,-6.186405975692518950e+02
6.968484242121060213e-01,3.979418503446820014e-03,1.644840926652776369e-01,3.018878586273010569e+02
6.973486743371685170e-01,4.408184017462271100e-03,1.661038067379348726e-01,-6.190535315806636163e+02
6.978489244622310128e-01,5.592987711151688537e-03,1.673953238854153369e-01,4.869091980761162404e+02
6.983491745872936196e-01,5.903895631264153947e-03,1.690661151784458582e-01,-1.106815464189736076e+03
6.988494247123561154e-01,7.212460719687857451e-03,1.703044230233993483e-01,7.627393445308348419e+02
6.993496748374186112e-01,7.425065334975722298e-03,1.720177194369550411e-01,-1.122202665106136919e+03
6.998499249624812180e-01,8.730027794791313939e-03,1.732611856058033362e-01,6.256841926896007777e+01
7.003501750875437137e-01,1.011851855135142628e-02,1.744299503468806634e-01,1.515358450013887079e+02
7.008504252126062095e-01,1.133064187890596083e-02,1.758732726586343387e-01,-5.284879817946642788e+02
7.013506753376688163e-01,1.304867733152708514e-02,1.761153122481306788e-01,4.685194083401808030e+02
7.018509254627313121e-01,1.447635458864926852e-02,1.770700319530543465e-01,5.312833180913802522e+01
7.023511755877938079e-01,1.574237210440869797e-02,1.784392148382119292e-01,-7.952711985276008022e+01
7.028514257128564147e-01,1.709954910189061261e-02,1.795753397274046648e-01,1.040452727216348876e+02
7.033516758379189104e-01,1.834617649496506422e-02,1.809922875711899304e-01,-1.670459845809701562e+02
7.038519259629814062e-01,1.986751959639652607e-02,1.817129998332846774e-01,-1.681781599715785660e+02
7.043521760880440130e-01,2.151572139965020336e-02,1.821123062929876080e-01,4.101117738640899120e+02
7.048524262131065088e-01,2.269094415078345972e-02,1.837099724157568448e-01,-2.057688797672393832e+02
7.053526763381690046e-01,2.419957744941661493e-02,1.844628862072259790e-01,-1.990237200143273526e+02
7.058529264632316114e-01,2.580463237259857795e-02,1.849715326771042556e-01,1.826591185836357170e+02
7.063531765882941071e-01,2.725354449217037497e-02,1.858758086043517388e-01,-2.398817603539171159e+02
7.068534267133566029e-01,2.884283815032591750e-02,1.864243580173151615e-01,1.240993770105936136e+02
7.073536768384192097e-01,3.031873294413835532e-02,1.872602293199913392e-01,-1.378232760030988970e+02
7.078539269634817055e-01,3.189111994914506365e-02,1.878516174027373142e-01,1.054447341738305681e+02
7.083541770885442013e-01,3.334320118071409239e-02,1.887478190854348647e-01,-4.043791793625453010e+02
7.088544272136066970e-01,3.523888773628053306e-02,1.885200846046732326e-01,6.828705953696733104e+02
7.093546773386693038e-01,3.660491701825967920e-02,1.896343613073193657e-01,-3.046862910870718792e+02
7.098549274637317996e-01,3.824483142600897112e-02,1.900546769928388446e-01,-1.119110259311312383e+01
7.103551775887942954e-01,4.006657346948734599e-02,1.900142872177796316e-01,5.333284249489572693e-01
7.108554277138569022e-01,4.188985216119079508e-02,1.899700073058894212e-01,2.005519648319602766e+01
7.113556778389193980e-01,4.352059341290676064e-02,1.904135567369986681e-01,2.785109290529508712e+02
7.118559279639818937e-01,4.490233681429794954e-02,1.914879672666958688e-01,-5.962867395664984542e+02
7.123561780890445005e-01,4.674237463973167361e-02,1.914012242694441424e-01,-3.388244165780014416e+00
7.128564282141069963e-01,4.858262225691217101e-02,1.913139496938940365e-01,6.166548677999959409e+02
7.133566783391694921e-01,4.995903990023425195e-02,1.924018539939716388e-01,-3.006167840712643056e+02
7.138569284642320989e-01,5.159883105111460339e-02,1.928224737908159347e-01,3.663922210149478786e+01
7.143571785892945947e-01,5.341850163323422912e-02,1.927873357563746337e-01,-2.664238042952634373e+02
7.148574287143570904e-01,5.515990340584604745e-02,1.929505087307614997e-01,6.585961195429749750e+02
7.153576788394196972e-01,5.646740992620061933e-02,1.942130645599087213e-01,-9.709464525166797557e+02
7.158579289644821930e-01,5.832016763880410598e-02,1.940940935279721891e-01,1.942811987701853127e+02
7.163581790895446888e-01,5.990344315082402060e-02,1.946579051434208785e-01,1.766339146492830707e+02
7.168584292146072956e-01,6.131539426803530451e-02,1.956557794962589525e-01,-4.957886267039241943e+02
7.173586793396697914e-01,6.316692279962751733e-02,1.955399232555743716e-01,6.939776866558003121e+01
7.178589294647322872e-01,6.496239196997891097e-02,1.955661012032276214e-01,-1.251864231846479925e+01
7.183591795897948939e-01,6.676987699879319282e-02,1.955618351277672029e-01,6.058629288703536986e+01
7.188594297148573897e-01,6.859221865213326053e-02,1.955199253390627057e-01,8.886348285225905030e+00
7.193596798399198855e-01,7.022568441225424118e-02,1.959565871638676571e-01,2.857454554276600334e+02
7.198599299649824923e-01,7.160390338444846958e-02,1.970399904654468737e-01,-6.149759425633642422e+02
7.203601800900449881e-01,7.345518825944244434e-02,1.969247446569063476e-01,8.852886112540463159e+01
7.208604302151074839e-01,7.525000197540915314e-02,1.969525848409118540e-01,-5.525000351149772726e+00
7.213606803401699796e-01,7.705741255993886485e-02,1.969485072217773414e-01,-3.304151170901473478e+00
7.218609304652325864e-01,7.886315530855035616e-02,1.969486555538057793e-01,1.079825632206985464e+00
7.223611805902950822e-01,8.066906706378008940e-02,1.969483755540721304e-01,7.534446673198182953e-01
7.228614307153575780e-01,8.247401384257575796e-02,1.969505412210228179e-01,-8.163023130971442498e+00
7.233616808404201848e-01,8.428269511219896315e-02,1.969432422197038846e-01,4.876810874178581656e+01
7.238619309654826806e-01,8.608772525465062386e-02,1.969452167672817722e-01,-1.849905606402526814e+02
7.243621810905451763e-01,8.781912797960539363e-02,1.971337154610783571e-01,6.064242362421456392e+02
7.248624312156077831e-01,8.913385632326241426e-02,1.983779208893088064e-01,-9.744125325607676587e+02
7.253626813406702789e-01,9.096619199790280386e-02,1.983106920576664933e-01,1.438108874141098568e+02
7.258629314657327747e-01,9.275967014613835382e-02,1.983419145715462906e-01,-2.149925583780400018e+01
7.263631815907953815e-01,9.456832658247572854e-02,1.983346806120079575e-01,1.102754736099618826e+00
7.268634317158578773e-01,9.637373075262854749e-02,1.983356867855008421e-01,8.893055133220478803e-01
7.273636818409203730e-01,9.817951983311118402e-02,1.983357178838086321e-01,-1.975889942497679741e-01
7.278639319659829798e-01,9.998550356886233559e-02,1.983352538659018394e-01,1.084575103428322640e+00
7.283641820910454756e-01,1.017904238321413329e-01,1.983374994591696749e-01,-8.606909345447508741e+00
7.288644322161079714e-01,1.035989825455940899e-01,1.983305208679754794e-01,5.043132062333548049e+01
7.293646823411705782e-01,1.054054077924055366e-01,1.983289393211766505e-01,-1.647799011170574204e+02
7.298649324662330740e-01,1.071282031681107666e-01,1.985392467390266202e-01,5.699583488056274518e+02
7.303651825912955697e-01,1.084473241974144991e-01,1.997723221485602496e-01,-9.409134160241267182e+02
7.308654327163581765e-01,1.102827524204491594e-01,1.996972570423566073e-01,1.387802322643803450e+02
7.313656828414206723e-01,1.120761519829119174e-01,1.997286843053203143e-01,-1.994137995096784266e+01
7.318659329664831681e-01,1.138847050618173040e-01,1.997216909669270735e-01,7.284359458351583605e-01
7.323661830915457749e-01,1.156901526464592656e-01,1.997226132514755281e-01,7.656105467916612950e-01
7.328664332166082707e-01,1.174960301872683965e-01,1.997228011691086491e-01,-1.384071477887615087e-01
7.333666833416707664e-01,1.193011826014200860e-01,1.997210843951340298e-01,4.355312182629933027e+00
7.338669334667332622e-01,1.211102957172158073e-01,1.997294975586913490e-01,-3.367563780688433184e+01
7.343671835917958690e-01,1.229063798356249265e-01,1.997048735995503033e-01,1.792108714008099923e+02
7.348674337168583648e-01,1.247042262749145369e-01,1.996847191974330527e-01,-9.814837999970394549e+02
7.353676838419208606e-01,1.260009860260777603e-01,1.983949884369525518e-01,9.162839888571230631e+02
7.358679339669834674e-01,1.277893483717480738e-01,1.983508043538630972e-01,-1.856545030539252537e+02
7.363681840920459631e-01,1.295864610471474387e-01,1.983287904996079432e-01,3.620344310011753208e+01
7.368684342171084589e-01,1.313955932876960941e-01,1.983372299465367694e-01,-4.974250482252884353e+00
7.373686843421710657e-01,1.332006839113944741e-01,1.983354294018593311e-01,7.057128746375679329e-02
7.378689344672335615e-01,1.350065718172300533e-01,1.983356488431220754e-01,2.974495123735270696e-01
7.383691845922960573e-01,1.368123817357244643e-01,1.983356702628348012e-01,-6.470831224106098067e-02
7.388694347173586641e-01,1.386181275968999260e-01,1.983355336962162041e-01,3.497974315436540027e-01
7.393696848424211598e-01,1.404241804270138505e-01,1.983361423055299833e-01,-2.529972274987024150e+00
7.398699349674836556e-01,1.422293343972540203e-01,1.983344887391293998e-01,1.408301454657724783e+01
7.403701850925462624e-01,1.440341548062363253e-01,1.983320044662999493e-01,-4.128517625703953087e+01
7.408704352176087582e-01,1.458640355958293056e-01,1.983930135855126176e-01,-8.106301257339428901e+01
7.413706853426712540e-01,1.474556758979037874e-01,1.978504054671672563e-01,-1.883611329526517579e+02
7.418709354677338608e-01,1.488676710107594836e-01,1.968526402758480620e-01,4.885078579246547861e+02
7.423711855927963565e-01,1.507197858146398783e-01,1.969699823017190266e-01,-6.532966906519793326e+01
7.428714357178588523e-01,1.525161069335332076e-01,1.969459629184306393e-01,-6.348242321852540782e-01
7.433716858429214591e-01,1.543229759444523785e-01,1.969486681524545424e-01,4.526583510382296005e+00
7.438719359679839549e-01,1.561288364014007113e-01,1.969488180682280598e-01,-8.676913375135314466e-01
7.443721860930464507e-01,1.579345923318833111e-01,1.969487031528325549e-01,4.353209890021332573e-02
7.448724362181089464e-01,1.597403458460290582e-01,1.969485821062098574e-01,6.936664358366231298e-01
7.453726863431715532e-01,1.615463056099999128e-01,1.969489836497557156e-01,-3.912605728809615879e+00
7.458729364682340490e-01,1.633524859454951461e-01,1.969499440686875436e-01,8.986559488772511983e+00
7.463731865932965448e-01,1.651513340425336263e-01,1.969323263410911184e-01,3.306483662968686588e+01
7.468734367183591516e-01,1.670001991958183218e-01,1.970414399256554261e-01,-3.405866476391000788e+02
7.473736868434216474e-01,1.684635053547015870e-01,1.961736394966724084e-01,7.053034995814290653e+01
7.478739369684841432e-01,1.699975980099206752e-01,1.954852024051148551e-01,1.863923653925774033e+02
7.483741870935467499e-01,1.718373790278187874e-01,1.955712623030555763e-01,4.908987526981779759e+00
7.488744372186092457e-01,1.736396942491275908e-01,1.955624240421920679e-01,-1.917310683980963715e+00
7.493746873436717415e-01,1.754399717902964395e-01,1.955484297355118972e-01,1.551056590797509038e+01
7.498749374687343483e-01,1.772849936051149045e-01,1.956477905268751427e-01,-2.596839195654237642e+02
7.503751875937968441e-01,1.787830818927853282e-01,1.948682191202863734e-01,2.233521021627715430e-01
7.508754377188593399e-01,1.802815437458897552e-01,1.940893294834381833e-01,2.576147985942425862e+02
7.513756878439219467e-01,1.821251915756346429e-01,1.941858552309210506e-01,5.138681950341439375e-01
7.518759379689844424e-01,1.839273363242755754e-01,1.941757251240747717e-01,-8.092188398547561690e+01
7.523761880940469382e-01,1.857505816568648938e-01,1.942102663179963995e-01,2.852123870796366845e+01
7.528764382191095450e-01,1.873556412001182725e-01,1.938052847993248506e-01,-3.121235898633590296e+02
7.533766883441720408e-01,1.888613128212144332e-01,1.927377602953585234e-01,3.690116283380324944e+02
7.538769384692345366e-01,1.897489517428928019e-01,1.924893126273324873e-01,-3.847267347911930528e+02
7.543771885942971434e-01,1.880430505399289798e-01,1.910454281114006003e-01,2.302897762630898910e+02
7.548774387193596391e-01,1.876058917427359252e-01,1.901083195221568989e-01,3.089168432237798243e+03
7.553776888444221349e-01,1.885639808191825473e-01,1.897542370414908586e-01,2.135204867481536155e+02
7.558779389694847417e-01,1.905520625762949227e-01,1.898305241223908479e-01,3.656879669334517047e+01
7.563781890945472375e-01,1.932048818210977403e-01,1.901845242178449580e-01,9.280819954164675423e+00
7.568784392196097333e-01,1.961571833606169379e-01,1.906635807808414462e-01,-1.813881668417185233e+00
7.573786893446722290e-01,1.990437120018781203e-01,1.911150372643685702e-01,-1.550752956846573660e+01
7.578789394697348358e-01,2.014992125519074195e-01,1.913862371214146707e-01,-6.293237568415531769e+01
7.583791895947973316e-01,2.033380186371637754e-01,1.914000082734821917e-01,3.012400524408820601e+01
7.588794397198598274e-01,2.051473417492032381e-01,1.914006120076800765e-01,-3.901140417689348716e+00
7.593796898449224342e-01,2.069536543170786280e-01,1.914069380310161606e-01,-2.127080755390919364e+01
7.598799399699849300e-01,2.087477741000510478e-01,1.913760774189461056e-01,1.456347523027356772e+02
7.603801900950474257e-01,2.105787979536979382e-01,1.914401786844677766e-01,-9.862656884492852214e+02
7.608804402201100325e-01,2.118920448458358752e-01,1.901921972981861497e-01,6.198947466452241315e+02
7.613806903451725283e-01,2.136265337222489624e-01,1.900115273151657402e-01,-1.913895205624261564e+02
7.618809404702350241e-01,2.154307746085015463e-01,1.900075739755332782e-01,4.810355183706101911e+01
7.623811905952976309e-01,2.172420371851878640e-01,1.900214107802846442e-01,-2.467645194923142071e+01
7.628814407203601267e-01,2.190345594402494100e-01,1.899877652019712759e-01,1.289293649218549263e+02
7.633816908454226224e-01,2.208756442508851836e-01,1.900771649413689479e-01,-8.688508802539708995e+02
7.638819409704852292e-01,2.222051084453673109e-01,1.888702437731849260e-01,4.990007125772887662e+02
7.643821910955477250e-01,2.239094774924597075e-01,1.886132393760824033e-01,-1.279924206895808254e+02
7.648824412206102208e-01,2.257196650629526291e-01,1.886243530792929834e-01,5.948718219255312079e+01
7.653826913456728276e-01,2.275199672379387972e-01,1.886104204841619059e-01,3.483272594912087783e+01
7.658829414707353234e-01,2.293697928981417722e-01,1.887219628753111222e-01,-3.897711932113193143e+02
7.663831915957978191e-01,2.308134563768604597e-01,1.878044321562659380e-01,1.155756845691450820e+02
7.668834417208604259e-01,2.323715506394219144e-01,1.871768361824714122e-01,1.185255307585586451e+02
7.673836918459229217e-01,2.341984103554310970e-01,1.872301532214265540e-01,2.077344379941048373e+02
7.678839419709854175e-01,2.359911003663674456e-01,1.871969299960513089e-01,-9.818231937329217089e+02
7.683841920960479133e-01,2.372875980108613003e-01,1.859065348298226394e-01,9.325822520248170804e+02
7.688844422211105201e-01,2.390792803957426937e-01,1.858707624933640945e-01,-1.767614791806821870e+02
7.693846923461730158e-01,2.408681748091896224e-01,1.858279255462954582e-01,8.122443778464085540e+01
7.698849424712355116e-01,2.427219605130436775e-01,1.859495059355396329e-01,-3.933938962936213670e+02
7.703851925962981184e-01,2.441666406933481748e-01,1.850345138117984733e-01,1.089383873422305697e+02
7.708854427213606142e-01,2.457195961753493862e-01,1.843938647374113726e-01,1.566845339249956055e+02
7.713856928464231100e-01,2.475585294345535037e-01,1.844778127422665726e-01,-3.484425442355185254e+01
7.718859429714857168e-01,2.493644548136264572e-01,1.844781268656642825e-01,1.228469151617685782e+02
7.723861930965482125e-01,2.510744127859904640e-01,1.842352938300788612e-01,-5.178760241258345332e+02
7.728864432216107083e-01,2.524003604295003145e-01,1.830195148507602898e-01,8.907712879379880633e+02
7.733866933466733151e-01,2.542417057080069154e-01,1.831095707192109123e-01,-1.412325254898840683e+02
7.738869434717358109e-01,2.560231218621890070e-01,1.830477874401695293e-01,1.261049106609243751e+02
7.743871935967983067e-01,2.578733576770127489e-01,1.831603687798023794e-01,-7.434938540283083057e+02
7.748874437218609135e-01,2.592242116538398533e-01,1.820076935910338034e-01,3.870796652893985197e+02
7.753876938469234092e-01,2.608947055000934712e-01,1.816648725009000209e-01,-5.706018350554626295e+01
7.758879439719859050e-01,2.627102199053872322e-01,1.816894820939179422e-01,5.679835683492230913e+01
7.763881940970485118e-01,2.645193077544438220e-01,1.816978092559065339e-01,-1.663969987133282302e+01
7.768884442221110076e-01,2.663131926867559063e-01,1.816676162341137046e-01,9.128297077474769594e+01
7.773886943471735034e-01,2.681645036383780156e-01,1.817829265289981899e-01,-6.214077074445982589e+02
7.778889444722361102e-01,2.695413400216348232e-01,1.806960348022739749e-01,2.892330105180558348e+02
7.783891945972986059e-01,2.711761174878059011e-01,1.802627025537725247e-01,1.470691631164931223e+01
7.788894447223611017e-01,2.729986255113365234e-01,1.803050332522764809e-01,-8.454467648510673172e-02
7.793896948474237085e-01,2.748214694010618353e-01,1.803482131818515133e-01,-1.669485861422852935e+01
7.798899449724862043e-01,2.764542755318136202e-01,1.799099051986658149e-01,-2.836744067522053570e+02
7.803901950975487001e-01,2.778344056562043751e-01,1.788314038783117288e-01,6.032213992595019363e+02
7.808904452226111959e-01,2.796743806966827672e-01,1.789179954175905696e-01,9.606691743302954167e-01
7.813906953476738027e-01,2.815147252448153004e-01,1.790054579042054117e-01,-6.096554932592225668e+02
7.818909454727362984e-01,2.828927346960871114e-01,1.779215106842257921e-01,2.953770398338127166e+02
7.823911955977987942e-01,2.845305283391815765e-01,1.774958288943049856e-01,-3.337860698037678020e+01
7.828914457228614010e-01,2.863502866310291273e-01,1.775311918516527809e-01,2.743830828394214905e+02
7.833916958479238968e-01,2.880921313832903174e-01,1.773691487091013097e-01,-6.650182239054686306e+02
7.838919459729863926e-01,2.894013291763651297e-01,1.761109314714061902e-01,1.013700531125366751e+03
7.843921960980489994e-01,2.912314968571492746e-01,1.761726672807287508e-01,-1.540689245592908492e+02
7.848924462231114951e-01,2.930140468107705343e-01,1.761137566439321678e-01,1.125148371602090691e+02
7.853926963481739909e-01,2.948682206228753211e-01,1.762363154674849164e-01,-6.213550684095855559e+02
7.858929464732365977e-01,2.962453057106012588e-01,1.751501006486999024e-01,2.871383357626801853e+02
7.863931965982990935e-01,2.978791847509495994e-01,1.747145105270636323e-01,1.652953588672146168e+01
7.868934467233615893e-01,2.997019053859736881e-01,1.747573782268551923e-01,-3.406088746632487396e-01
7.873936968484241961e-01,3.015244359084484072e-01,1.747997659334753762e-01,-1.479302133497205318e+01
7.878939469734866918e-01,3.031590609877483633e-01,1.743660475780295371e-01,-2.887936629237076431e+02
7.883941970985491876e-01,3.045361737987228867e-01,1.732798562295976563e-01,6.198636834681609571e+02
7.888944472236117944e-01,3.063864787926920963e-01,1.733926177848464090e-01,-8.330828063840594666e+01
7.893946973486742902e-01,3.081845013225780749e-01,1.733729079686856245e-01,-3.472812961212403593e+01
7.898949474737367860e-01,3.099857964984189529e-01,1.733614912594701463e-01,2.004044615232282354e+02
7.903951975987993928e-01,3.117536419498664335e-01,1.732653246242678580e-01,-7.901186011342990696e+02
7.908954477238618885e-01,3.130539100160990018e-01,1.719844826649818414e-01,1.094435005256129898e+03
7.913956978489243843e-01,3.148689433490479694e-01,1.720078733968428419e-01,-1.642715524398027753e+02
7.918959479739869911e-01,3.166537993644076288e-01,1.719548055055278579e-01,9.841965716959307997e+01
7.923961980990494869e-01,3.185091629786293010e-01,1.720803788650161203e-01,-5.109951052226554111e+02
7.928964482241119827e-01,3.199153469894962520e-01,1.710678904020176416e-01,2.015347618220757795e+02
7.933966983491744784e-01,3.215126658335641929e-01,1.705396696951852198e-01,7.874443339704495770e+01
7.938969484742370852e-01,3.233430434997237590e-01,1.706019377100630452e-01,-1.604447761299507391e+01
7.943971985992995810e-01,3.251578116948293795e-01,1.706246577322997615e-01,4.691323540298678552e+01
7.948974487243620768e-01,3.268280268497278374e-01,1.702811158456926932e-01,-3.859320888587922127e+02
7.953976988494246836e-01,3.281788783252220787e-01,1.691283847971680743e-01,7.440704943595993655e+02
7.958979489744871794e-01,3.300290096174395282e-01,1.692407058608258741e-01,-1.262470121186500620e+02
7.963981990995496751e-01,3.318103530994657158e-01,1.691787371427190823e-01,1.418914349724247472e+02
7.968984492246122819e-01,3.336520292066129656e-01,1.692696314713949823e-01,-8.955278851176257149e+02
7.973986993496747777e-01,3.349768709894350716e-01,1.680510504375841152e-01,5.323177321900126344e+02
7.978989494747372735e-01,3.366888720293776949e-01,1.678133941190910472e-01,-1.913130783519460465e+02
7.983991995997998803e-01,3.385070739592529465e-01,1.678448141403424965e-01,1.051934349466114185e+02
7.988994497248623761e-01,3.401806541960059049e-01,1.675097963724150318e-01,-3.973167354170479939e+02
7.993996998499248718e-01,3.415319134620646291e-01,1.663581038404283730e-01,7.406155472950729290e+02
7.998999499749874786e-01,3.433697687532676901e-01,1.664392866547756145e-01,-4.405638588497512131e+01
8.004002001000499744e-01,3.452100678923127330e-01,1.665266406592535164e-01,-4.880707017718335692e+02
8.009004502251124702e-01,3.466191166293519643e-01,1.655214191073881846e-01,2.035725395223821863e+02
8.014007003501750770e-01,3.482189478521112158e-01,1.649995611683058583e-01,3.817256996332250196e+01
8.019009504752375728e-01,3.500416139661786108e-01,1.650422910177395397e-01,2.462830629179651112e+02
8.024012006003000685e-01,3.518097407084849193e-01,1.649468370483199997e-01,-8.146246654745960996e+02
8.029014507253626753e-01,3.531093881529306366e-01,1.636644226682107683e-01,1.118401711210143958e+03
8.034017008504251711e-01,3.549183002440420842e-01,1.636723038831401078e-01,-1.746521319176508484e+02
8.039019509754876669e-01,3.567491000980630433e-01,1.637356453211522844e-01,-1.902395339414489968e+02
8.044022011005501627e-01,3.582706745059545117e-01,1.630154839334274353e-01,-4.131037277437130228e+01
8.049024512256127695e-01,3.597508864545188589e-01,1.621905202715177019e-01,2.828263784694439096e+02
8.054027013506752652e-01,3.615861033807604707e-01,1.622650535960185325e-01,1.302086339516701230e+02
8.059029514757377610e-01,3.634093183405242566e-01,1.623091729844919617e-01,-1.010913200138298066e+03
8.064032016008003678e-01,3.647213487152728417e-01,1.610581326263241242e-01,6.384557938110419855e+02
8.069034517258628636e-01,3.664595050210071037e-01,1.608867441905835749e-01,-2.076664765070367196e+02
8.074037018509253594e-01,3.682645249296333523e-01,1.608847644539167787e-01,4.707918604075488389e+01
8.079039519759879662e-01,3.700636886406716841e-01,1.608679471930131444e-01,5.947702232630408758e+01
8.084042021010504619e-01,3.719149187209053742e-01,1.609830476422336454e-01,-4.983964979133502311e+02
8.089044522261129577e-01,3.733239422805466057e-01,1.599777535892793756e-01,1.955877431824205814e+02
8.094047023511755645e-01,3.749186961437799837e-01,1.594430341299383214e-01,8.274410136489116496e+01
8.099049524762380603e-01,3.767495799274985235e-01,1.595065844731548832e-01,-1.732601085819835163e+01
8.104052026013005561e-01,3.785639420070812666e-01,1.595282755016705356e-01,5.100540573303805303e+01
8.109054527263631629e-01,3.802354627257965025e-01,1.591880416776823293e-01,-3.895570085299125367e+02
8.114057028514256587e-01,3.815871538853928824e-01,1.580374379364389847e-01,7.413404205461322363e+02
8.119059529764881544e-01,3.834245616242505372e-01,1.581175219884843886e-01,-4.525669606761486818e+01
8.124062031015507612e-01,3.852648725706515065e-01,1.582049559350542645e-01,-4.831889527760154692e+02
8.129064532266132570e-01,3.866753358858004974e-01,1.572033098417806307e-01,1.998091582344979429e+02
8.134067033516757528e-01,3.882734916971363193e-01,1.566772101352235103e-01,4.131215768288563339e+01
8.139069534767383596e-01,3.900963096528751173e-01,1.567203236444318082e-01,2.449051775290440105e+02
8.144072036018008554e-01,3.918655056001531523e-01,1.566275748055059591e-01,-8.213865586118855617e+02
8.149074537268633511e-01,3.931648540381417201e-01,1.553443477389668814e-01,1.112602737864392793e+03
8.154077038519259579e-01,3.949730763168249337e-01,1.553504823891038722e-01,-1.763535167464284541e+02
8.159079539769884537e-01,3.968036926847807733e-01,1.554133537796725251e-01,-1.867187038717520977e+02
8.164082041020509495e-01,3.983269468733537932e-01,1.546974800877242706e-01,-4.462838012795351972e+01
8.169084542271134453e-01,3.998055464552657812e-01,1.538684666335236317e-01,2.866442666837055526e+02
8.174087043521760521e-01,4.016408658934620401e-01,1.539432558733815348e-01,1.291077175198554698e+02
8.179089544772385478e-01,4.034646663905820385e-01,1.539888581379572907e-01,-1.010433693430276662e+03
8.184092046023010436e-01,4.047765030743753489e-01,1.527373367076838573e-01,6.461894596193893676e+02
8.189094547273636504e-01,4.065142607859535961e-01,1.525648544047873423e-01,-2.641185160427509118e+02
8.194097048524261462e-01,4.083337236902034317e-01,1.525994710962758627e-01,4.288807267394508216e+01
8.199099549774886420e-01,4.099763168378389722e-01,1.521859388772749955e-01,-3.080096884734211926e+02
8.204102051025512488e-01,4.113505989886916958e-01,1.510925762592418842e-01,6.261486097522238197e+02
8.209104552276137445e-01,4.131906797629905648e-01,1.511794330631069383e-01,-6.099165936550797973e+00
8.214107053526762403e-01,4.150310724654001637e-01,1.512670742583927808e-01,-5.911246600019153448e+02
8.219109554777388471e-01,4.164133663845140942e-01,1.501940569865860553e-01,2.814077486937769095e+02
8.224112056028013429e-01,4.180457430025084076e-01,1.497546602784473047e-01,-2.318359636391516787e+01
8.229114557278638387e-01,4.198658325203246666e-01,1.497908615975106772e-01,2.716908986511330113e+02
8.234117058529264455e-01,4.216114054099040498e-01,1.496382641596546992e-01,-6.855904018281576100e+02
8.239119559779889412e-01,4.229195271447403481e-01,1.483773206804140654e-01,1.044190853332918323e+03
8.244122061030514370e-01,4.247402220968358733e-01,1.484150553103689429e-01,-1.404277876027181264e+02
8.249124562281140438e-01,4.265745097517072426e-01,1.484872340797130930e-01,-2.622170210377099124e+02
8.254127063531765396e-01,4.280633889218114496e-01,1.476842310177713113e-01,2.373890774498985579e+01
8.259129564782390354e-01,4.295760841688871512e-01,1.469415720242163714e-01,2.090374883928129464e+02
8.264132066033016422e-01,4.314078526832066385e-01,1.470073678436915054e-01,1.656012762612473921e+02
8.269134567283641379e-01,4.332202587494390911e-01,1.470241015047189514e-01,-1.112612995229137823e+03
8.274137068534266337e-01,4.345217194673132166e-01,1.457462813385992650e-01,7.787325925851927195e+02
8.279139569784892405e-01,4.362840769749526393e-01,1.456362101817049171e-01,-2.521376757927590972e+02
8.284142071035517363e-01,4.381054481569392478e-01,1.456756587287540705e-01,-2.034130314233594561e+01
8.289144572286142321e-01,4.397183503567831941e-01,1.451869211913171254e-01,-2.377779445728523342e+02
8.294147073536767278e-01,4.411068976481481996e-01,1.441297463876104468e-01,5.991348860774987770e+02
8.299149574787393346e-01,4.430045174446939904e-01,1.443623867860615306e-01,-4.554643692048211960e+02
8.304152076038018304e-01,4.444433208587465489e-01,1.434325058552552434e-01,1.110464725989133683e+02
8.309154577288643262e-01,4.459965885261853447e-01,1.427926468296629725e-01,1.331593839797726844e+02
8.314157078539269330e-01,4.478237187738048353e-01,1.428466903355390949e-01,1.999595121111690901e+02
8.319159579789894288e-01,4.496209002067741434e-01,1.428248503562849769e-01,-1.020626472074917388e+03
8.324162081040519245e-01,4.509173943723532307e-01,1.415344466235517740e-01,9.207749025672650305e+02
8.329164582291145313e-01,4.527013860820254809e-01,1.414791886797923115e-01,-2.227776030648637970e+02
8.334167083541770271e-01,4.545259427538770325e-01,1.415267111985300252e-01,-8.539137011456179494e+01
8.339169584792395229e-01,4.561041283053043904e-01,1.409499880032696884e-01,-1.616918201056402040e+02
8.344172086043021297e-01,4.575211446938696747e-01,1.399649040031410996e-01,5.125876807929961387e+02
8.349174587293646255e-01,4.594200672395957197e-01,1.402008452681560990e-01,-5.368653584516705450e+02
8.354177088544271212e-01,4.608285822929487074e-01,1.391942616443958558e-01,1.830132225247789677e+02
8.359179589794897280e-01,4.624168555624728061e-01,1.386431229487401495e-01,6.640758787288203280e+01
8.364182091045522238e-01,4.642404248723921989e-01,1.386881411956850663e-01,2.316223856110154600e+02
8.369184592296147196e-01,4.660185287405920751e-01,1.386179671981019601e-01,-8.795554273241327792e+02
8.374187093546773264e-01,4.673158601403314960e-01,1.373296848466032949e-01,1.059980768399108683e+03
8.379189594797398222e-01,4.691178130252110501e-01,1.373198507113847222e-01,-1.906807690264450628e+02
8.384192096048023179e-01,4.709468319949580151e-01,1.373786878674891909e-01,-1.569878997723886016e+02
8.389194597298649247e-01,4.724846481878624549e-01,1.366996761706182062e-01,-7.352560952775773728e+01
8.394197098549274205e-01,4.739493453181296001e-01,1.358354027639212813e-01,3.214362681794336254e+02
8.399199599799899163e-01,4.757859800690567575e-01,1.359135283650079185e-01,1.133395910999970937e+02
8.404202101050524121e-01,4.776135448693105690e-01,1.359686686493010721e-01,-9.615089797378445837e+02
8.409204602301150189e-01,4.789312317598147795e-01,1.347319599165200110e-01,5.939652291953059375e+02
8.414207103551775146e-01,4.806577230888894325e-01,1.345310165612658426e-01,-2.316818277694670769e+02
8.419209604802400104e-01,4.824765073704360696e-01,1.345639108739883905e-01,7.012965577819220186e+01
8.424212106053026172e-01,4.841328995780495581e-01,1.341853611628384957e-01,-3.460416713814457239e+02
8.429214607303651130e-01,4.854966815254306289e-01,1.330654410894180628e-01,6.755291649344725329e+02
8.434217108554276088e-01,4.873360257416595176e-01,1.331504258369445581e-01,-2.279759619865356512e+01
8.439219609804902156e-01,4.891765607693994156e-01,1.332384338595690443e-01,-5.446891687001804030e+02
8.444222111055527114e-01,4.905702975508828279e-01,1.321943634816777902e-01,2.462975848199018571e+02
8.449224612306152071e-01,4.921884848042261673e-01,1.317189953032317506e-01,3.745419088753477066e+00
8.454227113556778139e-01,4.940096007096683728e-01,1.317577992724037195e-01,2.609540497770682350e+02
8.459229614807403097e-01,4.957654485998594929e-01,1.316312350556774202e-01,-7.412862392930824171e+02
8.464232116058028055e-01,4.970692477980477308e-01,1.303593397024552236e-01,1.087026910012106555e+03
8.469234617308654123e-01,4.988851675114953643e-01,1.303849756566928531e-01,-1.556846132732738113e+02
8.474237118559279081e-01,5.007179621965635041e-01,1.304533715650071923e-01,-2.298474322379502439e+02
8.479239619809904038e-01,5.022211042708748518e-01,1.296865071879720888e-01,-4.795352883573960057e+00
8.484242121060530106e-01,5.037194304839081038e-01,1.289074406028547226e-01,2.405943380460653600e+02
8.489244622311155064e-01,5.055527371820890403e-01,1.289771338466150774e-01,1.505717707441305890e+02
8.494247123561780022e-01,5.073703287687963970e-01,1.290070057002574710e-01,-1.072998214187434542e+03
8.499249624812406090e-01,5.086754972473264136e-01,1.277385797049905014e-01,7.219667003136032690e+02
8.504252126063031048e-01,5.104279477636365359e-01,1.276034077378298548e-01,-2.631589177786266305e+02
8.509254627313656005e-01,5.122482410912094775e-01,1.276401253900882049e-01,6.104486003653951443e+00
8.514257128564282073e-01,5.138751945028505741e-01,1.271869886200873156e-01,-2.711929749015623656e+02
8.519259629814907031e-01,5.152528698517266914e-01,1.261022682448176557e-01,6.365465614580783722e+02
8.524262131065531989e-01,5.171488853858724477e-01,1.263308438700749270e-01,-4.241783967800490132e+02
8.529264632316156947e-01,5.186008253107298183e-01,1.254342476784001958e-01,8.257011866493584762e+01
8.534267133566783015e-01,5.201395934987925740e-01,1.247576505271759256e-01,1.623592501062953488e+02
8.539269634817407972e-01,5.219685204728437000e-01,1.248162465570153840e-01,1.820252218275082896e+02
8.544272136068032930e-01,5.237724297441729293e-01,1.248114524625501820e-01,-1.054055242648266812e+03
8.549274637318658998e-01,5.250725921662319218e-01,1.235303428485076405e-01,7.740031484451955066e+02
8.554277138569283956e-01,5.268536851971334922e-01,1.234677408744187105e-01,-5.817443887497699961e+01
8.559279639819908914e-01,5.285438403559369336e-01,1.231747345261686860e-01,-4.345623282884438368e+02
8.564282141070534982e-01,5.298820032714681716e-01,1.219899048352927756e-01,8.285210235828399163e+02
8.569284642321159939e-01,5.317149396205920198e-01,1.220586545357228159e-01,-7.579040387571680526e+01
8.574287143571784897e-01,5.335541682566015131e-01,1.221433525373727125e-01,-4.015604875283885917e+02
8.579289644822410965e-01,5.349900566418028802e-01,1.212060839130387202e-01,1.370137309583973888e+02
8.584292146073035923e-01,5.365591047028929195e-01,1.206062090808593251e-01,9.612985549398710816e+01
8.589294647323660881e-01,5.383847763925752039e-01,1.206565567407536926e-01,2.198034548017384964e+02
8.594297148574286949e-01,5.401711198117382651e-01,1.206072571752858230e-01,-9.387331469780377802e+02
8.599299649824911906e-01,5.414673935602013488e-01,1.193162949832382164e-01,1.004339177264566956e+03
8.604302151075536864e-01,5.432623705540167158e-01,1.192888697575178458e-01,-2.046175682824581941e+02
8.609304652326162932e-01,5.450898025973400784e-01,1.193436778305163731e-01,-1.280838299957496247e+02
8.614307153576787890e-01,5.466422349371188316e-01,1.187017028489268794e-01,-1.028772740601106790e+02
8.619309654827412848e-01,5.480932943844659677e-01,1.178028739410183906e-01,3.577899641332792271e+02
8.624312156078038916e-01,5.499311013922855151e-01,1.178839699258776436e-01,9.732896422898456024e+01
8.629314657328663873e-01,5.517618864729872952e-01,1.179472691557828523e-01,-9.105043572901613516e+02
8.634317158579288831e-01,5.530862454692354602e-01,1.167274652070998398e-01,5.439958362318150193e+02
8.639319659829913789e-01,5.548009975473262578e-01,1.164967787303892444e-01,-2.004406321972771536e+02
8.644322161080539857e-01,5.566193095724085715e-01,1.165284764328073097e-01,9.775051326458232381e+01
8.649324662331164815e-01,5.582892362344162862e-01,1.161842192223490194e-01,-3.860321333314062144e+02
8.654327163581789772e-01,5.596430744059462947e-01,1.150391022680598702e-01,7.265550660674208530e+02
8.659329664832415840e-01,5.614815332534397463e-01,1.151218591856868895e-01,-4.115732151074747236e+01
8.664332166083040798e-01,5.633208306633867846e-01,1.152066177836946065e-01,-4.873968860465603825e+02
8.669334667333665756e-01,5.647328106699841532e-01,1.142087022692848813e-01,1.809217361713707248e+02
8.674337168584291824e-01,5.663186558086857891e-01,1.136514091165024970e-01,1.895584131918843127e+02
8.679339669834916782e-01,5.681697294945832200e-01,1.137661132488014676e-01,-9.772519673437883512e+02
8.684342171085541739e-01,5.694762462809992432e-01,1.125011033455958903e-01,6.704610351040835212e+02
8.689344672336167807e-01,5.712201247731499842e-01,1.123442129317923505e-01,-2.688263573140675931e+02
8.694347173586792765e-01,5.730396160649864346e-01,1.123788985170420529e-01,3.059702517301752422e+01
8.699349674837417723e-01,5.746797472929336958e-01,1.119591496385417273e-01,-3.042773578266240975e+02
8.704352176088043791e-01,5.760477133750474543e-01,1.108498295002976058e-01,6.719513804188154609e+02
8.709354677338668749e-01,5.779406178068730027e-01,1.110705225343387725e-01,-3.889118908356607562e+02
8.714357178589293706e-01,5.794112874380654699e-01,1.102213822306585544e-01,3.462174750713153770e+01
8.719359679839919774e-01,5.809182748924607287e-01,1.094642624388985908e-01,3.165175050340893677e+02
8.724362181090544732e-01,5.828016604959219693e-01,1.096608376018433223e-01,-7.543886829495777420e+02
8.729364682341169690e-01,5.841510178874014247e-01,1.085043698443199367e-01,3.567317783153984578e+02
8.734367183591795758e-01,5.858125469310747624e-01,1.081388354076866648e-01,9.497784558394019427e+01
8.739369684842420716e-01,5.876185033106987587e-01,1.081392283572806950e-01,-8.838422974950044591e+02
8.744372186093045674e-01,5.889169760110398721e-01,1.068538376990759292e-01,8.453562320479844630e+02
8.749374687343671742e-01,5.907155994121775500e-01,1.068356523496648419e-01,-8.077845938543349291e+01
8.754377188594296699e-01,5.923844542910273736e-01,1.064886649372097094e-01,-3.746416329117111559e+02
8.759379689844921657e-01,5.937356286976623876e-01,1.053367514465881200e-01,7.520255489664925790e+02
8.764382191095546615e-01,5.955717873778969551e-01,1.054136707346686186e-01,-5.280066938729084569e+01
8.769384692346172683e-01,5.974109819115694942e-01,1.054982759543243859e-01,-4.513424745325768868e+02
8.774387193596797641e-01,5.988336784330182683e-01,1.045276251544288854e-01,1.548592875775277946e+02
8.779389694847422598e-01,6.004067473533633015e-01,1.039379621920056285e-01,2.052623922795500846e+02
8.784392196098048666e-01,6.022637567760370514e-01,1.040677083632755157e-01,-9.273569431369290896e+02
8.789394697348673624e-01,6.035785570893523744e-01,1.028236324724539213e-01,5.582610713460315992e+02
8.794397198599298582e-01,6.053074924175280147e-01,1.026288733346923804e-01,1.301127243703889391e+01
8.799399699849924650e-01,6.070569033673777204e-01,1.024860000581481190e-01,-6.333820742507464274e+02
8.804402201100549608e-01,6.083643583672254662e-01,1.012233675616315692e-01,9.719682195187592697e+02
8.809404702351174565e-01,6.102093553612245591e-01,1.013226755605705215e-01,-1.723063231755301672e+02
8.814407203601800633e-01,6.118061159334616805e-01,1.007930404348887782e-01,-2.035931369497821777e+02
8.819409704852425591e-01,6.132093969020668833e-01,9.977319693289789238e-02,5.182566071315836780e+02
8.824412206103050549e-01,6.150488166826962866e-01,9.985837299375315002e-02,2.944311078144692928e+01
8.829414707353676617e-01,6.168881234651775181e-01,9.994326877097091388e-02,-6.903552564476098041e+02
8.834417208604301575e-01,6.182489354668777581e-01,9.881577515327763517e-02,3.574166585829476048e+02
8.839419709854926532e-01,6.199092784522326482e-01,9.844721927987022669e-02,-7.805511338503264085e+01
8.844422211105552600e-01,6.217279037954887011e-01,9.847971220335569043e-02,2.225220888243287334e+02
8.849424712356177558e-01,6.234510650496118966e-01,9.827033182655207921e-02,-5.793249387128621493e+02
8.854427213606802516e-01,6.247705710638603582e-01,9.703823190253084430e-02,9.468560296055901517e+02
8.859429714857428584e-01,6.265993045437723286e-01,9.709633398078233724e-02,-1.095418337560302291e+02
8.864432216108053542e-01,6.284351917567363444e-01,9.717256095542731176e-02,-3.234162338998704058e+02
8.869434717358678499e-01,6.299023392409881517e-01,9.631453280162426134e-02,5.714648572506217761e+01
8.874437218609304567e-01,6.314247913068296025e-01,9.559662475213093202e-02,2.907034441393653879e+02
8.879439719859929525e-01,6.333053152307616118e-01,9.578594961210662451e-02,-8.898926207103879733e+02
8.884442221110554483e-01,6.346226434438202446e-01,9.454828117949586053e-02,6.093450810866529537e+02
8.889444722361179441e-01,6.363475311137253287e-01,9.434326198996760560e-02,-9.315797677618581929e+02
8.894447223611805509e-01,6.376841714153271834e-01,9.315457629531345707e-02,5.009213304404142377e+02
8.899449724862430466e-01,6.393943892186291222e-01,9.291240038647917421e-02,1.919819321769214326e+01
8.904452226113055424e-01,6.411536862667717163e-01,9.279457005363546396e-02,-6.740326190373585860e+02
8.909454727363681492e-01,6.424598563681908070e-01,9.152862704300390728e-02,1.071669308032639037e+03
8.914457228614306450e-01,6.442738961461601521e-01,9.154950192246405494e-02,-1.560589810881367328e+02
8.919459729864931408e-01,6.461065250895848822e-01,9.161747241841063094e-02,-2.210652712106999331e+02
8.924462231115557476e-01,6.476138743026396138e-01,9.086130108795595350e-02,-1.327102483125493038e+01
8.929464732366182433e-01,6.491078989509695418e-01,9.007136947973325147e-02,2.507564728519476773e+02
8.934467233616807391e-01,6.509419300211800596e-01,9.014289378895885829e-02,1.423234094776012171e+02
8.939469734867433459e-01,6.527605033049955763e-01,9.017525345971381945e-02,-1.034759915740603219e+03
8.944472236118058417e-01,6.540706309316042244e-01,8.891939245503727163e-02,6.313553993342989088e+02
8.949474737368683375e-01,6.558181195634756877e-01,8.877164869540508929e-02,-1.629842740379533694e+01
8.954477238619309443e-01,6.575475413416783654e-01,8.857812210881151060e-02,-5.591049991398261909e+02
8.959479739869934400e-01,6.588622477475515327e-01,8.733380826216270709e-02,9.291002074293111264e+02
8.964482241120559358e-01,6.607183242158316538e-01,8.746119062172133529e-02,-2.031408165338224023e+02
8.969484742371185426e-01,6.622965183989505400e-01,8.688451335511515605e-02,-1.701996476120138766e+02
8.974487243621810384e-01,6.637048893914337944e-01,8.587756644602179135e-02,5.428400888476330692e+02
8.979489744872435342e-01,6.656014048037184327e-01,8.610740368968150538e-02,-4.820550680730692079e+02
8.984492246123061410e-01,6.670317149639075627e-01,8.515604285155894959e-02,1.186962647913136095e+02
8.989494747373686367e-01,6.685834581058205384e-01,8.451234799030159228e-02,2.421136117934442780e+02
8.994497248624311325e-01,6.704512850719692718e-01,8.466950274135864873e-02,-8.697464094445809906e+02
8.999499749874936283e-01,6.717766374091072024e-01,8.345216316361035724e-02,4.803413998088884114e+02
9.004502251125562351e-01,6.734819105290228425e-01,8.319745007647419421e-02,4.204875454856377814e+01
9.009504752376187309e-01,6.752529073318418451e-01,8.310926817695929447e-02,-7.214187979647912243e+02
9.014507253626812266e-01,6.765547106079933259e-01,8.183231606454786922e-02,1.005705921386523528e+03
9.019509754877438334e-01,6.783842119827699912e-01,8.189236540628123950e-02,-1.384306488795529901e+02
9.024512256128063292e-01,6.800108194915647220e-01,8.143833355886979930e-02,-2.725736842129975912e+02
9.029514757378688250e-01,6.813829606199224287e-01,8.033954539560583807e-02,6.627171916090184141e+02
9.034517258629314318e-01,6.832743139641281882e-01,8.055631015810947593e-02,-3.814450577192071705e+02
9.039519759879939276e-01,6.847478409122214060e-01,7.971443618974236034e-02,2.916726703369238294e+01
9.044522261130564234e-01,6.862518967769087874e-01,7.894994273962897824e-02,3.231402291085877323e+02
9.049524762381190301e-01,6.881368814701261938e-01,7.915042834977155384e-02,-7.629845806332335769e+02
9.054527263631815259e-01,6.894832527344738615e-01,7.798635262534241164e-02,3.867608148758389461e+02
9.059529764882440217e-01,6.911533097440373252e-01,7.764243902293814503e-02,-5.490408378926335331e+01
9.064532266133066285e-01,6.929693721091084724e-01,7.766843582109615729e-02,7.075348403657842766e+01
9.069534767383691243e-01,6.947708683765437820e-01,7.765752760153535328e-02,9.508075278785545592e+00
9.074537268634316201e-01,6.966158913044990797e-01,7.775690588723051244e-02,-2.863312385097198671e+02
9.079539769884942269e-01,6.981040350491313218e-01,7.695203911188416845e-02,1.222018836080816939e+01
9.084542271135567226e-01,6.996022041155096627e-01,7.617257631348119118e-02,3.343722692285662106e+02
9.089544772386192184e-01,7.014908082093238573e-01,7.638237332305211624e-02,-8.161234962242901929e+02
9.094547273636818252e-01,7.028214339691488677e-01,7.517844627626520115e-02,5.165018462504075387e+02
9.099549774887443210e-01,7.045297452569946328e-01,7.493144136199787753e-02,-7.787813152874099387e+02
9.104552276138068168e-01,7.058841247075472447e-01,7.378769888195750581e-02,4.178167093471980138e+02
9.109554777388694236e-01,7.075685742250368282e-01,7.348023562964386968e-02,5.087852906534846653e+01
9.114557278639319193e-01,7.093495776581003609e-01,7.341740347651719290e-02,-7.681907351519995473e+02
9.119559779889944151e-01,7.106499253799828386e-01,7.213670808626664044e-02,1.054514952144596236e+03
9.124562281140569109e-01,7.124540187324874818e-01,7.213238099694171956e-02,-1.814234605856200631e+02
9.129564782391195177e-01,7.142830201822446545e-01,7.219116081310708588e-02,-1.633239059531429689e+02
9.134567283641820135e-01,7.158212531338713491e-01,7.151323792668802526e-02,-8.139293273721456501e+01
9.139569784892445092e-01,7.172739048439368270e-01,7.061848199017381478e-02,4.210894533103742106e+02
9.144572286143071160e-01,7.191687600041878348e-01,7.084411286145957110e-02,-6.228289158525539051e+02
9.149574787393696118e-01,7.205522313144548940e-01,6.977407895240755886e-02,2.370103370231149711e+02
9.154577288644321076e-01,7.221626974691195411e-01,6.927916752010782053e-02,1.593768890823341735e+02
9.159579789894947144e-01,7.240018550068835212e-01,6.936368206676700454e-02,-9.891756940774703253e+02
9.164582291145572102e-01,7.253069336918794852e-01,6.809497385715627960e-02,6.654759379581447547e+02
9.169584792396197059e-01,7.270644697743754437e-01,6.797268160047109653e-02,-2.374715884731382332e+01
9.174587293646823127e-01,7.287847183292553987e-01,6.775592087639328853e-02,-5.286513501674958206e+02
9.179589794897448085e-01,7.301032067564494632e-01,6.652124286701625866e-02,9.073331464691300425e+02
9.184592296148073043e-01,7.319640286741593282e-01,6.666064848335202797e-02,-2.178187151588397796e+02
9.189594797398699111e-01,7.335322920081374098e-01,6.605878680580198892e-02,-1.510142504300879125e+02
9.194597298649324069e-01,7.349479598655860313e-01,6.507028532078418248e-02,5.258864821772300502e+02
9.199599799899949026e-01,7.368489126806769818e-01,6.531137064364882228e-02,-5.456532979023197640e+02
9.204602301150575094e-01,7.382469611501136786e-01,6.427826815566954621e-02,2.428807601930521685e+02
9.209604802401200052e-01,7.398788972776320083e-01,6.383775630593641059e-02,-3.624841853780008023e+02
9.214607303651825010e-01,7.412950364474951703e-01,6.285048857352534823e-02,2.766292565020990537e+02
9.219609804902451078e-01,7.429405562763686799e-01,6.244439782802119893e-02,-4.569435212525992256e+02
9.224612306153076036e-01,7.443476141208166252e-01,6.143407578649302814e-02,2.477302542328420145e+02
9.229614807403700993e-01,7.459680323310396988e-01,6.096436316815274925e-02,1.288615822535035136e+02
9.234617308654325951e-01,7.477942786284289545e-01,6.101616517163885312e-02,-9.950931759161040873e+02
9.239619809904952019e-01,7.490923898492988231e-01,5.972985849352860366e-02,8.315785968163568214e+02
9.244622311155576977e-01,7.508651606746994389e-01,5.964617108215874985e-02,-2.355673445453098509e+02
9.249624812406201935e-01,7.526879835215829484e-01,5.968929764505220142e-02,-4.858190592804837138e+01
9.254627313656828003e-01,7.542860745273550771e-01,5.916303380447866800e-02,-2.042921454421529006e+02
9.259629814907452960e-01,7.556866420242124294e-01,5.813631386878249929e-02,5.598080366473564027e+02
9.264632316158077918e-01,7.575841547692417910e-01,5.836868314993259865e-02,-4.792369720832313646e+02
9.269634817408703986e-01,7.590160732931100496e-01,5.742135686980007203e-02,1.145535658773842300e+02
9.274637318659328944e-01,7.605654950467433117e-01,5.677175527280031025e-02,2.478566033798451258e+02
9.279639819909953902e-01,7.624349531654595058e-01,5.693304238738771533e-02,-8.875173195766877825e+02
9.284642321160579970e-01,7.637563026378484388e-01,5.570561263846611488e-02,5.326390184307364279e+02
9.289644822411204927e-01,7.654688070772912578e-01,5.546923190500093609e-02,-1.855523998640829575e+02
9.294647323661829885e-01,7.672867087202199787e-01,5.549989093301693072e-02,1.057957113540707468e+02
9.299649824912455953e-01,7.689642979895841002e-01,5.517503261703324280e-02,-4.106391190554273294e+02
9.304652326163080911e-01,7.703063921372921286e-01,5.400011347497281344e-02,7.813676625228283683e+02
9.309654827413705869e-01,7.721899891030056251e-01,5.419722470188109015e-02,-3.141181866910519034e+02
9.314657328664331937e-01,7.736993153096070053e-01,5.344606039440794043e-02,-3.923717236816419529e+01
9.319659829914956894e-01,7.751675416833871957e-01,5.259076574489987554e-02,3.941957433423378916e+02
9.324662331165581852e-01,7.770608853051830245e-01,5.281256692438134753e-02,-6.645771825477310131e+02
9.329664832416207920e-01,7.784307848899210125e-01,5.170814642921880977e-02,2.975331353051715269e+02
9.334667333666832878e-01,7.800682937060648969e-01,5.128175334640756866e-02,-2.558210328703552250e+01
9.339669834917457836e-01,7.818879496876410817e-01,5.131685592547432367e-02,2.669868454155982818e+02
9.344672336168083904e-01,7.836337857285501363e-01,5.116491853278803265e-02,-6.803475789362405521e+02
9.349674837418708861e-01,7.849395875791285171e-01,4.989804311419234611e-02,9.836294599193520298e+02
9.354677338669333819e-01,7.867886604268526929e-01,5.000768024352470614e-02,-1.851727167657494419e+02
9.359679839919958777e-01,7.883815266264814214e-01,4.946817670039440479e-02,-1.999608177533731066e+02
9.364682341170584845e-01,7.897782473789555224e-01,4.843171221120719239e-02,5.785043790407314646e+02
9.369684842421209803e-01,7.916737824942728929e-01,4.865906573153259973e-02,-4.487958711991504401e+02
9.374687343671834761e-01,7.931175033091696358e-01,4.774168273449088534e-02,8.879017921837564131e+01
9.379689844922460829e-01,7.946530787591724598e-01,4.705702466734507788e-02,2.752375753806023795e+02
9.384692346173085786e-01,7.965300326443631729e-01,4.723730416805153182e-02,-9.179651443473607060e+02
9.389694847423710744e-01,7.978424550342729793e-01,4.598720547472502640e-02,6.554741284621642308e+02
9.394697348674336812e-01,7.995747493344655954e-01,4.580095317123455273e-02,-1.078185960768419818e+03
9.399699849924961770e-01,8.008899426867656102e-01,4.455792649765252800e-02,7.718867787237659286e+02
9.404702351175586728e-01,8.026307777018544254e-01,4.439332642050294181e-02,-1.250135192663810813e+03
9.409704852426212796e-01,8.039401595962664127e-01,4.313552106313981588e-02,7.404630639524468734e+02
9.414707353676837753e-01,8.056923713050464508e-01,4.299973860205218851e-02,-2.719243026017736042e+02
9.419709854927462711e-01,8.075126769284678430e-01,4.303648752590091137e-02,6.009511888670431290e-01
9.424712356178088779e-01,8.091355865399220137e-01,4.257310039940497004e-02,-2.612131017284245331e+02
9.429714857428713737e-01,8.105166294669704508e-01,4.149692807113943699e-02,6.238371553212447225e+02
9.434717358679338695e-01,8.124121442517054925e-01,4.172413996293972138e-02,-4.252082148460622761e+02
9.439719859929964763e-01,8.138664971166579276e-01,4.083360205502695878e-02,6.655928435711835789e+01
9.444722361180589720e-01,8.153901358421543621e-01,4.011872530914157436e-02,2.942807290755411032e+02
9.449724862431214678e-01,8.172713109086515715e-01,4.030969621026007227e-02,-8.779181481176145780e+02
9.454727363681840746e-01,8.185907485222195801e-01,3.907737313124443057e-02,5.936601026213290879e+02
9.459729864932465704e-01,8.203131020189107225e-01,3.886593266889488973e-02,-9.066257393371905664e+02
9.464732366183090662e-01,8.216523566352688102e-01,3.768387042902750922e-02,4.880761800711001115e+02
9.469734867433716730e-01,8.233586197616254987e-01,3.743167537938709571e-02,2.038500152335006632e+01
9.474737368684341687e-01,8.251225415409350061e-01,3.732556764996624449e-02,-6.857253452465238297e+02
9.479739869934966645e-01,8.264261562040774445e-01,3.605320468422886643e-02,9.971005018840215826e+02
9.484742371185591603e-01,8.282613474122743069e-01,3.612767024357132345e-02,-1.490860977775098206e+02
9.489744872436217671e-01,8.298755005850672051e-01,3.564208249098258646e-02,-2.412238304430808284e+02
9.494747373686842629e-01,8.312652037154072415e-01,3.458779119337010433e-02,5.706047862861154272e+02
9.499749874937467586e-01,8.331045458551332716e-01,3.467277681102085701e-02,1.015133875153479437e+01
9.504752376188093654e-01,8.349448166292076090e-01,3.476010908063426053e-02,-6.322523313990135421e+02
9.509754877438718612e-01,8.363177614158723294e-01,3.366340441275374878e-02,3.125236991743675503e+02
9.514757378689343570e-01,8.379620330799402161e-01,3.325414553617296598e-02,-4.612368945360291406e+01
9.519759879939969638e-01,8.397814028058870894e-01,3.328852315776735515e-02,2.601521159776799550e+02
9.524762381190594596e-01,8.415178210550535720e-01,3.311273110207489656e-02,-6.398406187885814234e+02
9.529764882441219553e-01,8.428302976932303681e-01,3.186282142173426507e-02,1.004533447057389708e+03
9.534767383691845621e-01,8.446547300685477433e-01,3.191002529142075023e-02,-1.277335837239678540e+02
9.539769884942470579e-01,8.464892204505419793e-01,3.198271785141707652e-02,-2.839503216509083927e+02
9.544772386193095537e-01,8.479720367046924556e-01,3.116435221581555226e-02,2.645374302723197246e+01
9.549774887443721605e-01,8.494788677338059868e-01,3.040683671754314948e-02,3.110068172726114426e+02
9.554777388694346563e-01,8.513615395656866092e-01,3.060160326189970831e-02,-7.689245018275912571e+02
9.559779889944971520e-01,8.527076061705042287e-01,2.943679834402677942e-02,3.699894648466570857e+02
9.564782391195597588e-01,8.543743206033781457e-01,2.908440067488000588e-02,9.187075001251027118e+01
9.569784892446222546e-01,8.561760051419657902e-01,2.907396889404228330e-02,-8.774853411097594744e+02
9.574787393696847504e-01,8.574732795992747736e-01,2.778548675069490367e-02,9.583876925453331523e+02
9.579789894947473572e-01,8.592645611388080029e-01,2.774869750772071889e-02,-2.071204484370245780e+02
9.584792396198098530e-01,8.610906515050578136e-01,2.780010182683204101e-02,-1.104426001391699828e+02
9.589794897448723487e-01,8.626558736083630441e-01,2.719055988539068741e-02,-1.349844228370768064e+02
9.594797398699348445e-01,8.640842443622982483e-01,2.623428460883221042e-02,4.807357033159114508e+02
9.599799899949974513e-01,8.659816154583193093e-01,2.646628997006525430e-02,-5.560183899852978584e+02
9.604802401200599471e-01,8.673858827570479768e-01,2.544894572751960765e-02,1.801446103109470585e+02
9.609804902451224429e-01,8.689689957875355031e-01,2.488473109535503658e-02,1.963179502659831712e+02
9.614807403701850497e-01,8.708227074502153942e-01,2.500612170824404942e-02,-9.391098527358459478e+02
9.619809904952475454e-01,8.721357283776186575e-01,2.375753725841017738e-02,5.743282372160308569e+02
9.624812406203100412e-01,8.738694778019542309e-01,2.357497580808068025e-02,1.095402097277600895e+01
9.629814907453726480e-01,8.756127028271105672e-01,2.341642951089829491e-02,-6.147141809964555250e+02
9.634817408704351438e-01,8.769244970414799001e-01,2.216479106135285648e-02,1.020186427834324377e+03
9.639819909954976396e-01,8.787445480827574817e-01,2.220089484189575330e-02,-1.372850985481994428e+02
9.644822411205602464e-01,8.805790728894893338e-01,2.227367010497995764e-02,-2.616174929975705936e+02
9.649824912456227421e-01,8.820683648661024057e-01,2.147174758330955627e-02,2.282556662683063919e+01
9.654827413706852379e-01,8.835805790334174681e-01,2.072790232523569545e-02,2.100926513367785162e+02
9.659829914957478447e-01,8.854123968690827962e-01,2.079381777588108077e-02,1.651041159919435586e+02
9.664832416208103405e-01,8.872249986716059800e-01,2.081104911920322528e-02,-1.111458138294124183e+03
9.669834917458728363e-01,8.885265581828168946e-01,1.953342436398068996e-02,7.771189418061682090e+02
9.674837418709354431e-01,8.902885689988830897e-01,1.942247012257873953e-02,-2.538683265884367302e+02
9.679839919959979389e-01,8.921104169291351749e-01,1.946312604164550375e-02,-2.066371375369537233e+01
9.684842421210604346e-01,8.937196032949166202e-01,1.896497384592604404e-02,-2.250172454848517702e+02
9.689844922461230414e-01,8.951207668358450720e-01,1.793976540714864454e-02,5.165288554427366989e+02
9.694847423711855372e-01,8.969613102229104795e-01,1.802778829993237006e-02,3.258993601272263163e+01
9.699849924962480330e-01,8.987997227967723379e-01,1.811041840399265843e-02,-7.023475011319701480e+02
9.704852426213106398e-01,9.001587714403768148e-01,1.697845670194191720e-02,3.590069428074141342e+02
9.709854927463731356e-01,9.018198358046431995e-01,1.661172905449594811e-02,-3.232024022771205551e+01
9.714857428714356313e-01,9.036365140122545325e-01,1.663928853460503940e-02,1.267128812440864216e+01
9.719859929964981271e-01,9.054650945143505325e-01,1.669700314870304833e-02,-6.375440765829327461e+01
9.724862431215607339e-01,9.070712306832584559e-01,1.619112241885402315e-02,-2.212132552154503458e+02
9.729864932466232297e-01,9.084701649513342581e-01,1.516026567741340578e-02,5.364579741574443688e+02
9.734867433716857255e-01,9.103254807058004383e-01,1.528571777887359658e-02,-1.019452956106902661e+02
9.739869934967483323e-01,9.121096484335013965e-01,1.523090600482621300e-02,1.624686547834364205e+02
9.744872436218108280e-01,9.139287008434345827e-01,1.526447965908812529e-02,-1.086177539979532639e+03
9.749874937468733238e-01,9.152301365445252301e-01,1.398659600474833065e-02,7.717806706524451101e+02
9.754877438719359306e-01,9.169916779873446000e-01,1.387445722476142278e-02,-2.532408660291176545e+02
9.759879939969984264e-01,9.188133313972842720e-01,1.391462319909708700e-02,-1.848720252450691603e+01
9.764882441220609222e-01,9.204247146244004529e-01,1.342201516488394572e-02,-2.311869069806228083e+02
9.769884942471235290e-01,9.218215418394151150e-01,1.238577555020354409e-02,5.416383257245724963e+02
9.774887443721860247e-01,9.236771297789424517e-01,1.251192232605538059e-02,-1.025218568403936530e+02
9.779889944972485205e-01,9.254612484526132388e-01,1.245698517040561872e-02,1.615910522059085679e+02
9.784892446223111273e-01,9.272804971814685437e-01,1.249105636138391970e-02,-1.080000375598444180e+03
9.789894947473736231e-01,9.285826727920442059e-01,1.121504742557120730e-02,7.537583698908489396e+02
9.794897448724361189e-01,9.303440472143702511e-01,1.110248550343681702e-02,-2.038469628244820910e+02
9.799899949974987257e-01,9.321461047351723428e-01,1.109300054728663137e-02,3.752088761482649915e+01
9.804902451225612214e-01,9.339443625528309756e-01,1.107388510159920680e-02,7.792400878321909374e+01
9.809904952476237172e-01,9.357951976892908696e-01,1.118799756134020683e-02,-5.911850922514619242e+02
9.814907453726863240e-01,9.371791175640163951e-01,1.011898318532276388e-02,2.681010516388133738e+02
9.819909954977488198e-01,9.388055074956760393e-01,9.664368930058290369e-03,2.040821089983161229e+01
9.824912456228113156e-01,9.406290902597381764e-01,9.709425796332684516e-03,6.225709091219287927e+01
9.829914957478738113e-01,9.424349317624421962e-01,9.709527747082882451e-03,-1.299455915921869753e+01
9.834917458729364181e-01,9.442424764469463661e-01,9.713944957616097928e-03,-1.447412364588962497e+01
9.839919959979989139e-01,9.460361026764115833e-01,9.683096392232658223e-03,1.276189449697349261e+02
9.844922461230614097e-01,9.478771198740871817e-01,9.772324851086228170e-03,-8.667945543825599088e+02
9.849924962481240165e-01,9.492069274671313117e-01,8.566273765770245074e-03,4.970528940220208369e+02
9.854927463731865123e-01,9.509107604548848736e-01,8.307911126819758976e-03,-1.268849542969700366e+02
9.859929964982490080e-01,9.527210293226197058e-01,8.319230813737175240e-03,5.965434398794880622e+01
9.864932466233116148e-01,9.545213855729702823e-01,8.305435284069092802e-03,3.425114997388418203e+01
9.869934967483741106e-01,9.563709611416367773e-01,8.416343698474557447e-03,-3.865129788534880504e+02
9.874937468734366064e-01,9.578163715001544176e-01,7.503240871084086369e-03,1.094859649117205009e+02
9.879939969984992132e-01,9.593702512006310190e-01,6.864960907085472519e-03,1.469636912738295109e+02
9.884942471235617090e-01,9.612059972715035761e-01,6.940830299867840891e-03,3.407768489100057252e+01
9.889944972486242047e-01,9.630084750684909656e-01,6.932409675583691040e-03,-6.078388397407800881e+01
9.894947473736868115e-01,9.648367723648063610e-01,6.989409085598335090e-03,-6.750131597173442799e+01
9.899949974987493073e-01,9.664350127950249725e-01,6.463500838681989803e-03,-2.026452637059001347e+02
9.904952476238118031e-01,9.678417515024804185e-01,5.452374278182824281e-03,5.056085447300825422e+02
9.909954977488744099e-01,9.696930848808322789e-01,5.567741505951434577e-03,-6.095295454695212811e+01
9.914957478739369057e-01,9.714921538300247406e-01,5.550683089243710344e-03,-4.619208439939378508e+01
9.919959979989994014e-01,9.732969465386172025e-01,5.548127834613293327e-03,2.112621142137717243e+02
9.924962481240620082e-01,9.750371135246622689e-01,5.381833792074089406e-03,-6.468167069369188766e+02
9.929964982491245040e-01,9.763477075914084313e-01,4.127154255158983417e-03,1.009007073645338551e+03
9.934967483741869998e-01,9.781760499400702358e-01,4.184265315158316491e-03,-1.479208092058505031e+02
9.939969984992496066e-01,9.799726296082394983e-01,4.160901002178901860e-03,-2.362011975431445032e-01
9.944972486243121024e-01,9.817692295237491207e-01,4.137587989538255885e-03,1.487056791017366777e+02
9.949974987493745981e-01,9.835969931344420436e-01,4.193232731541835651e-03,-1.013513110357881942e+03
9.954977488744370939e-01,9.849070770491558102e-01,2.937260658750712530e-03,6.515673294532251703e+02
9.959979989994997007e-01,9.866484796517163147e-01,2.774097222324191283e-03,-2.075806608865690919e+02
9.964982491245621965e-01,9.884516093435594675e-01,2.767328313560739328e-03,4.708495061519269598e+01
9.969984992496246923e-01,9.902630318502015916e-01,2.781570776922496092e-03,-2.548122855281938826e+01
9.974987493746872991e-01,9.920556570592278245e-01,2.748185915981879966e-03,1.319658346952504644e+02
9.979989994997497949e-01,9.938943574060350450e-01,2.831544061497415308e-03,-8.892137965933256964e+02
9.984992496248122906e-01,9.952213249555222907e-01,1.618296836202048981e-03,5.041134097290518525e+02
9.989994997498748974e-01,9.969298385525499073e-01,1.371794014593345160e-03,-4.945823385120903026e+01
9.994997498749373932e-01,9.987192972554452819e-01,1.330387563033558511e-03,-4.889966157257341592e+02
1.000000000000000000e+00,1.000000005007743553e+00,-1.264854146402653627e-08,-2.699909730382590283e+02
